image_id,landmark,x,y,z,visibility
0,NOSE,0.39540648460388184,0.2275165319442749,-0.7085627317428589,0.9999845027923584
0,LEFT_EYE_INNER,0.40329205989837646,0.21628853678703308,-0.6803597807884216,0.999969482421875
0,LEFT_EYE,0.40904420614242554,0.2159075140953064,-0.6803110241889954,0.9999674558639526
0,LEFT_EYE_OUTER,0.41469505429267883,0.21564260125160217,-0.6805850267410278,0.9999639987945557
0,RIGHT_EYE_INNER,0.38249799609184265,0.21721796691417694,-0.6794403195381165,0.9999648332595825
0,RIGHT_EYE,0.3747016191482544,0.21746233105659485,-0.6796855330467224,0.9999560117721558
0,RIGHT_EYE_OUTER,0.367804616689682,0.2179163098335266,-0.6797007322311401,0.9999502897262573
0,LEFT_EAR,0.41956549882888794,0.2195611149072647,-0.5056736469268799,0.9999402761459351
0,RIGHT_EAR,0.3605552911758423,0.22190600633621216,-0.49993106722831726,0.9999220371246338
0,MOUTH_LEFT,0.4060978293418884,0.23862238228321075,-0.63823002576828,0.9999444484710693
0,MOUTH_RIGHT,0.38138169050216675,0.24004440009593964,-0.6372013688087463,0.9999343156814575
0,LEFT_SHOULDER,0.4565465748310089,0.2679177224636078,-0.4404277801513672,0.9996992349624634
0,RIGHT_SHOULDER,0.3322320282459259,0.26468509435653687,-0.41462603211402893,0.9993852376937866
0,LEFT_ELBOW,0.5465151071548462,0.20021952688694,-0.5432929992675781,0.9968331456184387
0,RIGHT_ELBOW,0.2792317271232605,0.18536199629306793,-0.5815237760543823,0.9944420456886292
0,LEFT_WRIST,0.6120126247406006,0.11565059423446655,-0.6963778138160706,0.9895087480545044
0,RIGHT_WRIST,0.2274409979581833,0.09505358338356018,-0.7386387586593628,0.9928311109542847
0,LEFT_PINKY,0.6319400072097778,0.09597916156053543,-0.7586627006530762,0.9655600190162659
0,RIGHT_PINKY,0.22108562290668488,0.07243785262107849,-0.7981007695198059,0.9753824472427368
0,LEFT_INDEX,0.6242115497589111,0.0908808708190918,-0.7722473740577698,0.9674065113067627
0,RIGHT_INDEX,0.22876501083374023,0.0667262077331543,-0.7992265820503235,0.9749988317489624
0,LEFT_THUMB,0.6154327988624573,0.0964893102645874,-0.7150533199310303,0.9707661867141724
0,RIGHT_THUMB,0.23365181684494019,0.07217901945114136,-0.751568078994751,0.9762431979179382
0,LEFT_HIP,0.461542546749115,0.41993024945259094,-0.03899255394935608,0.9996359348297119
0,RIGHT_HIP,0.40466979146003723,0.42594850063323975,0.038966767489910126,0.9992064833641052
0,LEFT_KNEE,0.4701366722583771,0.5167921185493469,-0.015008595772087574,0.9412979483604431
0,RIGHT_KNEE,0.4856247901916504,0.5153430104255676,0.39221206307411194,0.6818575263023376
0,LEFT_ANKLE,0.4886680841445923,0.610810399055481,0.22400912642478943,0.9104167222976685
0,RIGHT_ANKLE,0.5584338903427124,0.5606451034545898,0.8587020039558411,0.6876553297042847
0,LEFT_HEEL,0.4874352514743805,0.6189663410186768,0.24334771931171417,0.8601341247558594
0,RIGHT_HEEL,0.5438495874404907,0.5639294385910034,0.9017954468727112,0.7049021124839783
0,LEFT_FOOT_INDEX,0.4878365993499756,0.6492810249328613,0.04919362813234329,0.867835283279419
0,RIGHT_FOOT_INDEX,0.5405241847038269,0.5896767377853394,0.7793521285057068,0.6127504110336304
1,NOSE,0.44152286648750305,0.3140082359313965,-0.8001188635826111,0.9999825358390808
1,LEFT_EYE_INNER,0.4488547444343567,0.3049548864364624,-0.7573983669281006,0.9999668002128601
1,LEFT_EYE,0.4552934169769287,0.3056822121143341,-0.7573425769805908,0.9999626874923706
1,LEFT_EYE_OUTER,0.46160632371902466,0.30632615089416504,-0.757594645023346,0.9999602437019348
1,RIGHT_EYE_INNER,0.4267745912075043,0.3034259080886841,-0.7617873549461365,0.9999633431434631
1,RIGHT_EYE,0.4182550013065338,0.303336501121521,-0.7619465589523315,0.9999539256095886
1,RIGHT_EYE_OUTER,0.41049662232398987,0.30328458547592163,-0.761974573135376,0.9999508261680603
1,LEFT_EAR,0.46685150265693665,0.3138912618160248,-0.49948954582214355,0.9999343156814575
1,RIGHT_EAR,0.39932960271835327,0.3120662271976471,-0.537842869758606,0.9999246597290039
1,MOUTH_LEFT,0.4530598819255829,0.3285454511642456,-0.7096997499465942,0.9999415278434753
1,MOUTH_RIGHT,0.4271211326122284,0.3278675973415375,-0.7137869596481323,0.9999358057975769
1,LEFT_SHOULDER,0.5120282173156738,0.3838573396205902,-0.3205086290836334,0.9996673464775085
1,RIGHT_SHOULDER,0.3389603793621063,0.38869380950927734,-0.3490455746650696,0.9993398189544678
1,LEFT_ELBOW,0.6496062278747559,0.3854648172855377,-0.5033698678016663,0.9970329999923706
1,RIGHT_ELBOW,0.19330300390720367,0.4233362674713135,-0.43832162022590637,0.9949573874473572
1,LEFT_WRIST,0.632958173751831,0.2933102250099182,-0.8232381939888,0.9901026487350464
1,RIGHT_WRIST,0.18001581728458405,0.3301459848880768,-0.657721221446991,0.993369996547699
1,LEFT_PINKY,0.6240007281303406,0.27298516035079956,-0.905626118183136,0.9661869406700134
1,RIGHT_PINKY,0.17636346817016602,0.3083367943763733,-0.7284744381904602,0.9765317440032959
1,LEFT_INDEX,0.6121764183044434,0.2709197998046875,-0.8829492330551147,0.9676145315170288
1,RIGHT_INDEX,0.18936342000961304,0.3041074275970459,-0.7177478671073914,0.9760696291923523
1,LEFT_THUMB,0.6102951169013977,0.2774505019187927,-0.8279612064361572,0.9702641367912292
1,RIGHT_THUMB,0.19442997872829437,0.3113756775856018,-0.6610527634620667,0.9768215417861938
1,LEFT_HIP,0.47280800342559814,0.5609424114227295,-0.02037450298666954,0.999467134475708
1,RIGHT_HIP,0.3657580316066742,0.562548041343689,0.02048109844326973,0.9990406036376953
1,LEFT_KNEE,0.504848062992096,0.7180939316749573,-0.10675013810396194,0.9413806200027466
1,RIGHT_KNEE,0.3235709071159363,0.7168381810188293,-0.04492934048175812,0.7088822722434998
1,LEFT_ANKLE,0.5436897873878479,0.8321658372879028,0.24612167477607727,0.9089826941490173
1,RIGHT_ANKLE,0.27559179067611694,0.8467763662338257,0.24632902443408966,0.7122277021408081
1,LEFT_HEEL,0.5393378138542175,0.8342248797416687,0.26736435294151306,0.8329254388809204
1,RIGHT_HEEL,0.2842355966567993,0.8582730293273926,0.26173925399780273,0.7021998167037964
1,LEFT_FOOT_INDEX,0.5463097095489502,0.8959399461746216,0.005583205725997686,0.866730809211731
1,RIGHT_FOOT_INDEX,0.2685414254665375,0.9179167151451111,-0.024192672222852707,0.6401205658912659
2,NOSE,0.6394997835159302,0.261292964220047,-0.9212477803230286,0.9999690651893616
2,LEFT_EYE_INNER,0.6560102701187134,0.25514504313468933,-0.8742914199829102,0.99995356798172
2,LEFT_EYE,0.6595906615257263,0.2576569616794586,-0.8742894530296326,0.9999443292617798
2,LEFT_EYE_OUTER,0.6629454493522644,0.2602536380290985,-0.874281108379364,0.9999211430549622
2,RIGHT_EYE_INNER,0.6421117782592773,0.2464553266763687,-0.8705247640609741,0.9999489784240723
2,RIGHT_EYE,0.6369792222976685,0.24406392872333527,-0.8707798719406128,0.9999402761459351
2,RIGHT_EYE_OUTER,0.6317309737205505,0.24229827523231506,-0.8707582950592041,0.9999411702156067
2,LEFT_EAR,0.6537144184112549,0.2637265622615814,-0.5937783718109131,0.9998930096626282
2,RIGHT_EAR,0.6118904948234558,0.2458694875240326,-0.5843921303749084,0.9999195337295532
2,MOUTH_LEFT,0.6246505975723267,0.2770621180534363,-0.8162441849708557,0.999873161315918
2,MOUTH_RIGHT,0.6112993359565735,0.26618579030036926,-0.8137208223342896,0.9999150633811951
2,LEFT_SHOULDER,0.6056785583496094,0.34185123443603516,-0.5489664077758789,0.9992814064025879
2,RIGHT_SHOULDER,0.4812959134578705,0.2953762710094452,-0.34437811374664307,0.999383807182312
2,LEFT_ELBOW,0.46451660990715027,0.40467825531959534,-0.7695431709289551,0.9938635230064392
2,RIGHT_ELBOW,0.3762206435203552,0.2508144974708557,-0.4856657385826111,0.9915982484817505
2,LEFT_WRIST,0.28670066595077515,0.3616959750652313,-1.0015090703964233,0.9837875366210938
2,RIGHT_WRIST,0.3288347125053406,0.15365272760391235,-0.7109891772270203,0.9928456544876099
2,LEFT_PINKY,0.23655389249324799,0.3659436106681824,-1.1220718622207642,0.9582992196083069
2,RIGHT_PINKY,0.3155624568462372,0.13061746954917908,-0.805773913860321,0.9767906069755554
2,LEFT_INDEX,0.2310650646686554,0.35839876532554626,-1.0978714227676392,0.9595783948898315
2,RIGHT_INDEX,0.3150900602340698,0.12814217805862427,-0.8485844135284424,0.9762775301933289
2,LEFT_THUMB,0.24635320901870728,0.35686612129211426,-1.0015140771865845,0.9572429656982422
2,RIGHT_THUMB,0.3225516676902771,0.13126540184020996,-0.742518961429596,0.9765488505363464
2,LEFT_HIP,0.5751256346702576,0.5049925446510315,-0.02458847686648369,0.9992377161979675
2,RIGHT_HIP,0.5123233795166016,0.5020267963409424,0.02427743747830391,0.9990523457527161
2,LEFT_KNEE,0.5641593337059021,0.6807291507720947,-0.05989900976419449,0.9388965964317322
2,RIGHT_KNEE,0.5400398969650269,0.6830350160598755,-0.11749241501092911,0.7313268184661865
2,LEFT_ANKLE,0.6457014083862305,0.8155885338783264,0.23020216822624207,0.9141249060630798
2,RIGHT_ANKLE,0.4434073567390442,0.8653861880302429,0.07438062876462936,0.7359896898269653
2,LEFT_HEEL,0.6284311413764954,0.8534253239631653,0.24537810683250427,0.8395090103149414
2,RIGHT_HEEL,0.38610103726387024,0.8886160850524902,0.08027292788028717,0.7143358588218689
2,LEFT_FOOT_INDEX,0.6361485719680786,0.8996492624282837,0.00670106615871191,0.8747348785400391
2,RIGHT_FOOT_INDEX,0.5694353580474854,0.903199315071106,-0.22020043432712555,0.6666079759597778
3,NOSE,0.4965161979198456,0.29951420426368713,-0.5042522549629211,0.9999718070030212
3,LEFT_EYE_INNER,0.5190558433532715,0.2963847219944,-0.4934817850589752,0.9999569058418274
3,LEFT_EYE,0.5234993100166321,0.29873666167259216,-0.49343863129615784,0.9999490976333618
3,LEFT_EYE_OUTER,0.5278437733650208,0.3009626865386963,-0.4936114251613617,0.999926745891571
3,RIGHT_EYE_INNER,0.5154885053634644,0.29008519649505615,-0.46360868215560913,0.999953031539917
3,RIGHT_EYE,0.5163543820381165,0.2885555028915405,-0.46349629759788513,0.9999450445175171
3,RIGHT_EYE_OUTER,0.515483558177948,0.28710606694221497,-0.4633276164531708,0.999944806098938
3,LEFT_EAR,0.525005578994751,0.31174570322036743,-0.3791847229003906,0.9999023675918579
3,RIGHT_EAR,0.5192009806632996,0.2964553236961365,-0.23978354036808014,0.9999268054962158
3,MOUTH_LEFT,0.4809339940547943,0.31727856397628784,-0.46094635128974915,0.9998786449432373
3,MOUTH_RIGHT,0.47274696826934814,0.308779776096344,-0.42077693343162537,0.9999184608459473
3,LEFT_SHOULDER,0.44073188304901123,0.36648306250572205,-0.438889741897583,0.9993354082107544
3,RIGHT_SHOULDER,0.44727858901023865,0.3561876714229584,-0.03758040815591812,0.9994438886642456
3,LEFT_ELBOW,0.3154463469982147,0.31943583488464355,-0.7599382400512695,0.9929725527763367
3,RIGHT_ELBOW,0.473709374666214,0.25802505016326904,0.06968702375888824,0.9754635095596313
3,LEFT_WRIST,0.20967279374599457,0.2512706220149994,-0.7328603267669678,0.9805887341499329
3,RIGHT_WRIST,0.5459243655204773,0.1904664784669876,0.13610520958900452,0.9826157689094543
3,LEFT_PINKY,0.17657537758350372,0.24690558016300201,-0.7688312530517578,0.9519504904747009
3,RIGHT_PINKY,0.5744826793670654,0.175674170255661,0.156075119972229,0.9620360136032104
3,LEFT_INDEX,0.17578691244125366,0.24197252094745636,-0.7310935854911804,0.9517395496368408
3,RIGHT_INDEX,0.5740512013435364,0.17395475506782532,0.14679107069969177,0.9593943953514099
3,LEFT_THUMB,0.18881085515022278,0.24335572123527527,-0.7151839733123779,0.9486423134803772
3,RIGHT_THUMB,0.564301609992981,0.17973969876766205,0.13180364668369293,0.9588087797164917
3,LEFT_HIP,0.46203333139419556,0.5192721486091614,-0.09468652307987213,0.9992818832397461
3,RIGHT_HIP,0.40447384119033813,0.543207585811615,0.09390488266944885,0.9991447925567627
3,LEFT_KNEE,0.634280800819397,0.48205137252807617,-0.1269276887178421,0.9426009058952332
3,RIGHT_KNEE,0.3755437135696411,0.7005383968353271,0.03137898072600365,0.7579492330551147
3,LEFT_ANKLE,0.7400982975959778,0.36829787492752075,-0.07436078786849976,0.921226978302002
3,RIGHT_ANKLE,0.40620747208595276,0.8385617136955261,0.10722461342811584,0.7620980143547058
3,LEFT_HEEL,0.7852590680122375,0.36377474665641785,-0.07186676561832428,0.8544955849647522
3,RIGHT_HEEL,0.4180779457092285,0.8568061590194702,0.10539280623197556,0.7423840165138245
3,LEFT_FOOT_INDEX,0.8373699188232422,0.3189210593700409,-0.099895179271698,0.8861905932426453
3,RIGHT_FOOT_INDEX,0.372810959815979,0.8796296119689941,0.004544283729046583,0.6994205713272095
4,NOSE,0.5487517714500427,0.3430788815021515,-1.096925139427185,0.9999614953994751
4,LEFT_EYE_INNER,0.5723327994346619,0.32862091064453125,-1.1405588388442993,0.9999507069587708
4,LEFT_EYE,0.5825949311256409,0.32905086874961853,-1.1403939723968506,0.999938428401947
4,LEFT_EYE_OUTER,0.5929486155509949,0.3294045031070709,-1.140900731086731,0.9999237060546875
4,RIGHT_EYE_INNER,0.5573043823242188,0.32454273104667664,-1.0861246585845947,0.9999143481254578
4,RIGHT_EYE,0.5548321604728699,0.321474552154541,-1.0862892866134644,0.9998517036437988
4,RIGHT_EYE_OUTER,0.5509141087532043,0.3180078864097595,-1.0865681171417236,0.9998799562454224
4,LEFT_EAR,0.640152633190155,0.33159977197647095,-1.0626736879348755,0.9999046921730042
4,RIGHT_EAR,0.5674071311950684,0.3159782588481903,-0.8189097046852112,0.9998596906661987
4,MOUTH_LEFT,0.5595194101333618,0.3586786985397339,-1.0459587574005127,0.9998851418495178
4,MOUTH_RIGHT,0.542252779006958,0.35447248816490173,-0.9736268520355225,0.9998869895935059
4,LEFT_SHOULDER,0.7387037873268127,0.4382246136665344,-1.0113056898117065,0.9993987083435059
4,RIGHT_SHOULDER,0.4739381670951843,0.36187872290611267,-0.49695247411727905,0.9994737505912781
4,LEFT_ELBOW,0.755338728427887,0.6328636407852173,-1.179810881614685,0.9932588338851929
4,RIGHT_ELBOW,0.317948579788208,0.37295693159103394,-0.6460409164428711,0.9763731360435486
4,LEFT_WRIST,0.7947271466255188,0.807575523853302,-1.2579063177108765,0.9815516471862793
4,RIGHT_WRIST,0.1459921896457672,0.3713238537311554,-0.9643067717552185,0.9822158813476562
4,LEFT_PINKY,0.8409107327461243,0.8328933715820312,-1.3565140962600708,0.9542748332023621
4,RIGHT_PINKY,0.08646007627248764,0.3744365870952606,-1.0403105020523071,0.9620150923728943
4,LEFT_INDEX,0.8089064359664917,0.8418799638748169,-1.4334452152252197,0.9543539881706238
4,RIGHT_INDEX,0.08707320690155029,0.37454283237457275,-1.1178165674209595,0.9601093530654907
4,LEFT_THUMB,0.7885876297950745,0.8335630297660828,-1.2945239543914795,0.9517470002174377
4,RIGHT_THUMB,0.10437320172786713,0.3778741955757141,-1.0121477842330933,0.9601291418075562
4,LEFT_HIP,0.5784574747085571,0.6305916905403137,-0.18785223364830017,0.9993475079536438
4,RIGHT_HIP,0.4610036015510559,0.6046435236930847,0.18707062304019928,0.9992200136184692
4,LEFT_KNEE,0.3517860174179077,0.6446630358695984,-0.38237664103507996,0.9382450580596924
4,RIGHT_KNEE,0.13486050069332123,0.6906160712242126,0.17198002338409424,0.769636869430542
4,LEFT_ANKLE,0.5155888199806213,0.7818949222564697,0.1072874441742897,0.920748770236969
4,RIGHT_ANKLE,0.36665046215057373,0.8056651949882507,0.5216091275215149,0.7477482557296753
4,LEFT_HEEL,0.5627502202987671,0.8131046891212463,0.07094666361808777,0.8595990538597107
4,RIGHT_HEEL,0.41120970249176025,0.8142518997192383,0.6502894163131714,0.7291736006736755
4,LEFT_FOOT_INDEX,0.4288936257362366,0.8579239845275879,0.24762113392353058,0.8878732919692993
4,RIGHT_FOOT_INDEX,0.2717784643173218,0.8575963377952576,0.7672076225280762,0.680335521697998
5,NOSE,0.5481050610542297,0.31767237186431885,-0.33247238397598267,0.9997735619544983
5,LEFT_EYE_INNER,0.5453537702560425,0.3112402856349945,-0.30620115995407104,0.9993740320205688
5,LEFT_EYE,0.5447137951850891,0.31223246455192566,-0.3061484396457672,0.999488890171051
5,LEFT_EYE_OUTER,0.5440840125083923,0.31336709856987,-0.3061239719390869,0.9992321133613586
5,RIGHT_EYE_INNER,0.542722761631012,0.30797314643859863,-0.3390434980392456,0.9995461702346802
5,RIGHT_EYE,0.5402328968048096,0.30678677558898926,-0.33902350068092346,0.9995969533920288
5,RIGHT_EYE_OUTER,0.5374351143836975,0.305876761674881,-0.339132159948349,0.9994915127754211
5,LEFT_EAR,0.5325873494148254,0.31605660915374756,-0.1282569319009781,0.9992881417274475
5,RIGHT_EAR,0.5221810340881348,0.3078526258468628,-0.2853633165359497,0.9996504187583923
5,MOUTH_LEFT,0.5393375158309937,0.3267444670200348,-0.2594726085662842,0.9994404911994934
5,MOUTH_RIGHT,0.5356587171554565,0.32288533449172974,-0.303528755903244,0.9995912909507751
5,LEFT_SHOULDER,0.5178321003913879,0.3667415976524353,0.06745614856481552,0.9994442462921143
5,RIGHT_SHOULDER,0.47568511962890625,0.34560713171958923,-0.3001486361026764,0.9995214343070984
5,LEFT_ELBOW,0.6068685054779053,0.38169264793395996,0.179260715842247,0.9849133491516113
5,RIGHT_ELBOW,0.33786359429359436,0.3861966133117676,-0.36869338154792786,0.9779268503189087
5,LEFT_WRIST,0.6778650283813477,0.36938875913619995,0.07192926108837128,0.9761335849761963
5,RIGHT_WRIST,0.2822774648666382,0.4402567446231842,-0.45507487654685974,0.9815084934234619
5,LEFT_PINKY,0.6970700025558472,0.36695677042007446,0.0639730766415596,0.9458273649215698
5,RIGHT_PINKY,0.24900475144386292,0.46399810910224915,-0.4731867015361786,0.9606360197067261
5,LEFT_INDEX,0.6890941262245178,0.3588492274284363,0.011409960687160492,0.9462950825691223
5,RIGHT_INDEX,0.2664903402328491,0.46594035625457764,-0.4825749397277832,0.9591882228851318
5,LEFT_THUMB,0.6853427290916443,0.3629322946071625,0.040512751787900925,0.9447939395904541
5,RIGHT_THUMB,0.27706238627433777,0.459532231092453,-0.4570921063423157,0.9588958024978638
5,LEFT_HIP,0.42214235663414,0.5147453546524048,0.1272594928741455,0.999383807182312
5,RIGHT_HIP,0.41985833644866943,0.49425801634788513,-0.12733347713947296,0.9992595911026001
5,LEFT_KNEE,0.3432074785232544,0.6284099817276001,0.11085928231477737,0.9355149865150452
5,RIGHT_KNEE,0.4849991500377655,0.5349553823471069,-0.21740199625492096,0.7918227314949036
5,LEFT_ANKLE,0.32141393423080444,0.7503480911254883,0.18094885349273682,0.9227434992790222
5,RIGHT_ANKLE,0.3650610148906708,0.631883442401886,-0.044172462075948715,0.7702443599700928
5,LEFT_HEEL,0.3013552129268646,0.7600449323654175,0.1682947874069214,0.8674437999725342
5,RIGHT_HEEL,0.3752274215221405,0.6324284076690674,-0.01829228177666664,0.7497866153717041
5,LEFT_FOOT_INDEX,0.33719736337661743,0.7814496159553528,0.12468455731868744,0.893622636795044
5,RIGHT_FOOT_INDEX,0.354627400636673,0.6893649101257324,-0.0670531839132309,0.7087574005126953
6,NOSE,0.5092493891716003,0.44916146993637085,-0.02545796148478985,0.9997958540916443
6,LEFT_EYE_INNER,0.5210713744163513,0.43936583399772644,-0.04271627590060234,0.9994363188743591
6,LEFT_EYE,0.5253210067749023,0.4395400881767273,-0.04270794242620468,0.9995397329330444
6,LEFT_EYE_OUTER,0.5294880867004395,0.4398583173751831,-0.04272615537047386,0.9993086457252502
6,RIGHT_EYE_INNER,0.5161142349243164,0.43900179862976074,0.0007824187050573528,0.999591052532196
6,RIGHT_EYE,0.5166539549827576,0.4389369785785675,0.0007200089748948812,0.999636709690094
6,RIGHT_EYE_OUTER,0.5173633694648743,0.43902498483657837,0.0008933204808272421,0.999541699886322
6,LEFT_EAR,0.5568168759346008,0.4455105662345886,-0.054733578115701675,0.9993590712547302
6,RIGHT_EAR,0.5396625399589539,0.44619500637054443,0.14909401535987854,0.9996844530105591
6,MOUTH_LEFT,0.5209437012672424,0.46040797233581543,-0.022382322698831558,0.9994959235191345
6,MOUTH_RIGHT,0.5158773064613342,0.4596187472343445,0.03715398162603378,0.9996305704116821
6,LEFT_SHOULDER,0.6271483898162842,0.5067522525787354,-0.07297208160161972,0.9994997382164001
6,RIGHT_SHOULDER,0.5436585545539856,0.5167772769927979,0.3007753789424896,0.9995591044425964
6,LEFT_ELBOW,0.744724452495575,0.5458628535270691,-0.029616110026836395,0.9864097833633423
6,RIGHT_ELBOW,0.4846612811088562,0.5839865207672119,0.47425511479377747,0.9645770788192749
6,LEFT_WRIST,0.7230523824691772,0.6203996539115906,-0.2601901888847351,0.9784578680992126
6,RIGHT_WRIST,0.438125878572464,0.5168485045433044,0.4956090450286865,0.9787580370903015
6,LEFT_PINKY,0.7216686010360718,0.6444880366325378,-0.2995002865791321,0.950999915599823
6,RIGHT_PINKY,0.39719513058662415,0.5095158219337463,0.48752912878990173,0.9548718929290771
6,LEFT_INDEX,0.703688383102417,0.6405088305473328,-0.32815077900886536,0.9514310359954834
6,RIGHT_INDEX,0.42332786321640015,0.5066148042678833,0.47646564245224,0.9532493352890015
6,LEFT_THUMB,0.6988429427146912,0.6332252025604248,-0.27999866008758545,0.9500211477279663
6,RIGHT_THUMB,0.4339979887008667,0.5080336928367615,0.48792943358421326,0.9520847797393799
6,LEFT_HIP,0.5756303071975708,0.674690842628479,-0.13958251476287842,0.9994276762008667
6,RIGHT_HIP,0.5526524186134338,0.6946236491203308,0.1395944356918335,0.9992694854736328
6,LEFT_KNEE,0.4350968301296234,0.7569096684455872,-0.22063174843788147,0.9416769742965698
6,RIGHT_KNEE,0.7058592438697815,0.7870800495147705,0.08317901194095612,0.8017061948776245
6,LEFT_ANKLE,0.4094499349594116,0.8936333060264587,-0.20645637810230255,0.9300867319107056
6,RIGHT_ANKLE,0.8435580730438232,0.8480444550514221,0.0669996365904808,0.7836589813232422
6,LEFT_HEEL,0.4209739565849304,0.9168509244918823,-0.20063573122024536,0.8800384998321533
6,RIGHT_HEEL,0.8782095909118652,0.8530678153038025,0.07215195894241333,0.7696521282196045
6,LEFT_FOOT_INDEX,0.32488927245140076,0.8979915976524353,-0.26518943905830383,0.9034473896026611
6,RIGHT_FOOT_INDEX,0.8052143454551697,0.8974969387054443,0.05201714485883713,0.7313118577003479
7,NOSE,0.5013465881347656,0.37133023142814636,-0.446392297744751,0.9989067316055298
7,LEFT_EYE_INNER,0.5065290331840515,0.3657359778881073,-0.45776352286338806,0.9981450438499451
7,LEFT_EYE,0.5054007768630981,0.3661155700683594,-0.45772209763526917,0.9983143210411072
7,LEFT_EYE_OUTER,0.5036590695381165,0.3662535548210144,-0.457891047000885,0.9979292750358582
7,RIGHT_EYE_INNER,0.5064933896064758,0.3671526610851288,-0.46341320872306824,0.9983885288238525
7,RIGHT_EYE,0.5050875544548035,0.36901339888572693,-0.46305954456329346,0.9981015920639038
7,RIGHT_EYE_OUTER,0.5027360320091248,0.37059536576271057,-0.4631146192550659,0.9971179366111755
7,LEFT_EAR,0.4894813001155853,0.36984679102897644,-0.05598052591085434,0.9987049102783203
7,RIGHT_EAR,0.48529547452926636,0.38186293840408325,-0.39873310923576355,0.9977664947509766
7,MOUTH_LEFT,0.510668933391571,0.3771204948425293,-0.40788596868515015,0.9991397857666016
7,MOUTH_RIGHT,0.507688581943512,0.38075268268585205,-0.4157997667789459,0.9986713528633118
7,LEFT_SHOULDER,0.5174224972724915,0.39833778142929077,-0.253250390291214,0.9995099306106567
7,RIGHT_SHOULDER,0.5031959414482117,0.42757469415664673,-0.3145386576652527,0.999578058719635
7,LEFT_ELBOW,0.5291226506233215,0.3970292806625366,-0.10723371058702469,0.9537743330001831
7,RIGHT_ELBOW,0.5655857920646667,0.4313379228115082,-0.32111412286758423,0.9476487040519714
7,LEFT_WRIST,0.54402095079422,0.37377744913101196,-0.054210733622312546,0.9689851999282837
7,RIGHT_WRIST,0.6214427351951599,0.3922610580921173,-0.3352243900299072,0.96211177110672
7,LEFT_PINKY,0.5857036113739014,0.3736187815666199,-0.03799227252602577,0.9427868127822876
7,RIGHT_PINKY,0.6324160099029541,0.3845891058444977,-0.3664451837539673,0.9369753003120422
7,LEFT_INDEX,0.5578120946884155,0.36381271481513977,-0.07147829234600067,0.9430534839630127
7,RIGHT_INDEX,0.6187053918838501,0.37786248326301575,-0.35514381527900696,0.9337942004203796
7,LEFT_THUMB,0.5977239012718201,0.3706131875514984,-0.06426717340946198,0.9415487051010132
7,RIGHT_THUMB,0.6174495816230774,0.3789175748825073,-0.33649054169654846,0.9322429299354553
7,LEFT_HIP,0.5022221803665161,0.5394691228866577,0.01720915362238884,0.9994698762893677
7,RIGHT_HIP,0.4718616008758545,0.5606750249862671,-0.017434725537896156,0.9993385672569275
7,LEFT_KNEE,0.49906283617019653,0.5165954232215881,-0.11691904067993164,0.9242511987686157
7,RIGHT_KNEE,0.4228934645652771,0.6526769399642944,0.1600719541311264,0.8202395439147949
7,LEFT_ANKLE,0.6435256004333496,0.46935591101646423,0.20090290904045105,0.908869206905365
7,RIGHT_ANKLE,0.36816027760505676,0.7061170935630798,0.3203379511833191,0.8045153021812439
7,LEFT_HEEL,0.6677955985069275,0.46171656250953674,0.2047920674085617,0.8752745985984802
7,RIGHT_HEEL,0.3775366544723511,0.71196448802948,0.3087329566478729,0.7918683886528015
7,LEFT_FOOT_INDEX,0.640099048614502,0.46646395325660706,0.2858777940273285,0.8944979906082153
7,RIGHT_FOOT_INDEX,0.306169718503952,0.739859402179718,0.33265605568885803,0.7568131685256958
8,NOSE,0.44309884309768677,0.3310219943523407,-0.29192614555358887,0.9985189437866211
8,LEFT_EYE_INNER,0.43842023611068726,0.3095605969429016,-0.3650093674659729,0.9980989694595337
8,LEFT_EYE,0.4355178475379944,0.32234010100364685,-0.36511799693107605,0.998237133026123
8,LEFT_EYE_OUTER,0.43060383200645447,0.3214040696620941,-0.3654592037200928,0.9978727698326111
8,RIGHT_EYE_INNER,0.449809730052948,0.3157191872596741,-0.3580033481121063,0.9981855750083923
8,RIGHT_EYE,0.4536527097225189,0.3186812996864319,-0.35814353823661804,0.9978130459785461
8,RIGHT_EYE_OUTER,0.46460312604904175,0.3315329849720001,-0.3583056330680847,0.9969721436500549
8,LEFT_EAR,0.41963937878608704,0.331339955329895,-0.4923832416534424,0.998587965965271
8,RIGHT_EAR,0.4659091830253601,0.3496289551258087,-0.4210979640483856,0.9974983334541321
8,MOUTH_LEFT,0.43759799003601074,0.3492415249347687,-0.32678458094596863,0.9988836050033569
8,MOUTH_RIGHT,0.45234930515289307,0.35382935404777527,-0.3191937804222107,0.9984902739524841
8,LEFT_SHOULDER,0.3313089609146118,0.3818625807762146,-0.3932771384716034,0.9994508624076843
8,RIGHT_SHOULDER,0.5146256685256958,0.4323987066745758,-0.4347175061702728,0.9995251893997192
8,LEFT_ELBOW,0.23706379532814026,0.48257553577423096,-0.11031436175107956,0.8831216096878052
8,RIGHT_ELBOW,0.627126932144165,0.4640595614910126,-0.3245460093021393,0.9374199509620667
8,LEFT_WRIST,0.36569392681121826,0.480282187461853,0.08387264609336853,0.8832337260246277
8,RIGHT_WRIST,0.6467666625976562,0.4258192777633667,-0.09918343275785446,0.9056184887886047
8,LEFT_PINKY,0.3798280656337738,0.4876456558704376,0.10957865417003632,0.8617280721664429
8,RIGHT_PINKY,0.6586228013038635,0.4188699722290039,-0.09409721195697784,0.8844007253646851
8,LEFT_INDEX,0.396475613117218,0.4775826036930084,0.06882274895906448,0.8620411157608032
8,RIGHT_INDEX,0.6436131000518799,0.4239864945411682,-0.10710533708333969,0.8825520873069763
8,LEFT_THUMB,0.39707469940185547,0.47755300998687744,0.0777921974658966,0.8601647615432739
8,RIGHT_THUMB,0.6280813217163086,0.4167994558811188,-0.09885941445827484,0.8767104148864746
8,LEFT_HIP,0.3999117314815521,0.5746563076972961,0.038827892392873764,0.9994820952415466
8,RIGHT_HIP,0.42407774925231934,0.6188755035400391,-0.03932245075702667,0.9993690848350525
8,LEFT_KNEE,0.6631317138671875,0.5640518665313721,-0.07436434179544449,0.9081529378890991
8,RIGHT_KNEE,0.6290491223335266,0.6282175183296204,-0.2984508275985718,0.8330727815628052
8,LEFT_ANKLE,0.6964229941368103,0.7539393901824951,-0.03653475269675255,0.9103366732597351
8,RIGHT_ANKLE,0.7716152667999268,0.7603726387023926,-0.28234899044036865,0.8188549280166626
8,LEFT_HEEL,0.7077828645706177,0.7671634554862976,-0.0352599211037159,0.8789669275283813
8,RIGHT_HEEL,0.7808983325958252,0.7846383452415466,-0.2773700952529907,0.8018503785133362
8,LEFT_FOOT_INDEX,0.7664254307746887,0.7892180681228638,-0.13238459825515747,0.8930838108062744
8,RIGHT_FOOT_INDEX,0.8591820597648621,0.775627076625824,-0.3570401668548584,0.7693504095077515
9,NOSE,0.5641339421272278,0.4631808400154114,-0.1289900243282318,0.9986611604690552
9,LEFT_EYE_INNER,0.5618497729301453,0.4595383405685425,-0.10889314860105515,0.9982750415802002
9,LEFT_EYE,0.5592014193534851,0.46036726236343384,-0.10884309560060501,0.9983990788459778
9,LEFT_EYE_OUTER,0.5518655776977539,0.46010255813598633,-0.10891418159008026,0.9980685710906982
9,RIGHT_EYE_INNER,0.5643652081489563,0.4617299437522888,-0.10932151228189468,0.9983583688735962
9,RIGHT_EYE,0.5648035407066345,0.46314331889152527,-0.10946629196405411,0.9980225563049316
9,RIGHT_EYE_OUTER,0.5677322745323181,0.4643114507198334,-0.10946942865848541,0.9972641468048096
9,LEFT_EAR,0.5552808046340942,0.47350677847862244,-0.0035625805612653494,0.9987207651138306
9,RIGHT_EAR,0.564749002456665,0.47743260860443115,0.0001876851310953498,0.9977408647537231
9,MOUTH_LEFT,0.5462880730628967,0.47823867201805115,-0.09333008527755737,0.9989731311798096
9,MOUTH_RIGHT,0.5622943639755249,0.48296529054641724,-0.09202996641397476,0.9986192584037781
9,LEFT_SHOULDER,0.6628767251968384,0.5359774231910706,0.05217991769313812,0.9994941353797913
9,RIGHT_SHOULDER,0.5546380281448364,0.5515120029449463,-0.020198611542582512,0.9995613694190979
9,LEFT_ELBOW,0.7978797554969788,0.5277436375617981,-0.01772347092628479,0.8935756087303162
9,RIGHT_ELBOW,0.44135284423828125,0.5931201577186584,-0.04176931083202362,0.9350900053977966
9,LEFT_WRIST,0.9225771427154541,0.500764012336731,0.05051109939813614,0.8935699462890625
9,RIGHT_WRIST,0.34130609035491943,0.6232751607894897,-0.09433895349502563,0.898099958896637
9,LEFT_PINKY,0.94186931848526,0.4866721034049988,-0.038199130445718765,0.8722168207168579
9,RIGHT_PINKY,0.3120090961456299,0.6326005458831787,-0.09828666597604752,0.8691442012786865
9,LEFT_INDEX,0.9446170926094055,0.4821629524230957,-0.08127794414758682,0.8728920221328735
9,RIGHT_INDEX,0.3082166612148285,0.6298297643661499,-0.14094534516334534,0.8688244223594666
9,LEFT_THUMB,0.9387582540512085,0.4902980327606201,-0.041665852069854736,0.8714869618415833
9,RIGHT_THUMB,0.3181484043598175,0.6278957724571228,-0.11600423604249954,0.863294243812561
9,LEFT_HIP,0.5845546126365662,0.769601583480835,0.04918114095926285,0.9994832873344421
9,RIGHT_HIP,0.5066559314727783,0.7556248903274536,-0.049394652247428894,0.9994089603424072
9,LEFT_KNEE,0.7683893442153931,0.7947118282318115,-0.26615405082702637,0.9168199896812439
9,RIGHT_KNEE,0.3450116217136383,0.8496333360671997,-0.2248287945985794,0.8496342897415161
9,LEFT_ANKLE,0.6157051920890808,0.8876556754112244,-0.07323810458183289,0.9165119528770447
9,RIGHT_ANKLE,0.13790810108184814,0.9324151873588562,-0.10996507108211517,0.8368110656738281
9,LEFT_HEEL,0.5840149521827698,0.884370744228363,-0.05806932598352432,0.8851619958877563
9,RIGHT_HEEL,0.1225619688630104,0.946836531162262,-0.10880007594823837,0.8195631504058838
9,LEFT_FOOT_INDEX,0.5279794335365295,0.910221517086029,-0.1692492812871933,0.8995445370674133
9,RIGHT_FOOT_INDEX,0.07075866311788559,0.9494679570198059,-0.2697161138057709,0.791982889175415
10,NOSE,0.6634888052940369,0.5135471224784851,-0.33346283435821533,0.9987937211990356
10,LEFT_EYE_INNER,0.6700089573860168,0.4991365969181061,-0.42543554306030273,0.9984450936317444
10,LEFT_EYE,0.6738402843475342,0.49900394678115845,-0.42547017335891724,0.9985560178756714
10,LEFT_EYE_OUTER,0.6738719940185547,0.4986347258090973,-0.4258451759815216,0.998257577419281
10,RIGHT_EYE_INNER,0.6531315445899963,0.5001592040061951,-0.440845251083374,0.998521625995636
10,RIGHT_EYE,0.6460387706756592,0.49997174739837646,-0.4409765601158142,0.9982194304466248
10,RIGHT_EYE_OUTER,0.6394755840301514,0.4999363422393799,-0.4411538541316986,0.9975367784500122
10,LEFT_EAR,0.6645694971084595,0.505146324634552,-0.293209969997406,0.9988430142402649
10,RIGHT_EAR,0.6304742097854614,0.5048753619194031,-0.3466162383556366,0.9979664087295532
10,MOUTH_LEFT,0.6670559048652649,0.5284847617149353,-0.367756724357605,0.9990682601928711
10,MOUTH_RIGHT,0.6543989777565002,0.5295739769935608,-0.3916463255882263,0.9987561702728271
10,LEFT_SHOULDER,0.7490569353103638,0.5683509707450867,-0.15364079177379608,0.9995300769805908
10,RIGHT_SHOULDER,0.5870064496994019,0.5818054676055908,-0.3181423544883728,0.9996019005775452
10,LEFT_ELBOW,0.8453934192657471,0.48330724239349365,-0.129160538315773,0.8994400501251221
10,RIGHT_ELBOW,0.4312294125556946,0.634652316570282,-0.3952280282974243,0.9405434131622314
10,LEFT_WRIST,0.9212229251861572,0.39746442437171936,-0.052404697984457016,0.9015883207321167
10,RIGHT_WRIST,0.27502119541168213,0.6582334637641907,-0.47339963912963867,0.9057983160018921
10,LEFT_PINKY,0.9458826184272766,0.3799073100090027,-0.13803265988826752,0.8802182674407959
10,RIGHT_PINKY,0.23339620232582092,0.6562802195549011,-0.45702889561653137,0.8772004246711731
10,LEFT_INDEX,0.9442347884178162,0.3757166266441345,-0.18354180455207825,0.8809294700622559
10,RIGHT_INDEX,0.22880388796329498,0.652238667011261,-0.5685176253318787,0.8774975538253784
10,LEFT_THUMB,0.9357430338859558,0.382336288690567,-0.14527440071105957,0.8804944753646851
10,RIGHT_THUMB,0.24507591128349304,0.654803991317749,-0.5206981897354126,0.8731638789176941
10,LEFT_HIP,0.6685752272605896,0.8583295345306396,0.08070967346429825,0.9995178580284119
10,RIGHT_HIP,0.5574045181274414,0.7942394614219666,-0.080854132771492,0.9994428753852844
10,LEFT_KNEE,0.8456278443336487,0.8516461253166199,-0.19727733731269836,0.9236541390419006
10,RIGHT_KNEE,0.5399736762046814,0.8580792546272278,-0.4309840500354767,0.863929033279419
10,LEFT_ANKLE,0.6021695733070374,0.8768987655639648,-0.0841403380036354,0.9141883254051208
10,RIGHT_ANKLE,0.3438616096973419,0.8122549653053284,-0.2275460958480835,0.8499926924705505
10,LEFT_HEEL,0.5785836577415466,0.857707142829895,-0.07507504522800446,0.8816505074501038
10,RIGHT_HEEL,0.3408055007457733,0.7940370440483093,-0.20057520270347595,0.8286678791046143
10,LEFT_FOOT_INDEX,0.5478252172470093,0.8959901332855225,-0.10902966558933258,0.8960309028625488
10,RIGHT_FOOT_INDEX,0.26948484778404236,0.8245745301246643,-0.239446759223938,0.8085389733314514
11,NOSE,0.46159470081329346,0.2968641519546509,-0.23871316015720367,0.9987848401069641
11,LEFT_EYE_INNER,0.47315463423728943,0.28639864921569824,-0.21313831210136414,0.9983469843864441
11,LEFT_EYE,0.47896960377693176,0.2845615744590759,-0.2133016288280487,0.99843829870224
11,LEFT_EYE_OUTER,0.48445606231689453,0.28360435366630554,-0.21343617141246796,0.9982190728187561
11,RIGHT_EYE_INNER,0.4587159752845764,0.2864966094493866,-0.2051076889038086,0.99837726354599
11,RIGHT_EYE,0.45427078008651733,0.2859555780887604,-0.20532873272895813,0.9980638027191162
11,RIGHT_EYE_OUTER,0.44979995489120483,0.2840832471847534,-0.20541153848171234,0.9975384473800659
11,LEFT_EAR,0.4976947605609894,0.29383593797683716,-0.07047718018293381,0.998477578163147
11,RIGHT_EAR,0.45389387011528015,0.2912708818912506,-0.036357223987579346,0.9976361393928528
11,MOUTH_LEFT,0.47067713737487793,0.30972620844841003,-0.19574250280857086,0.9987649321556091
11,MOUTH_RIGHT,0.45416152477264404,0.30799296498298645,-0.18645799160003662,0.9984930157661438
11,LEFT_SHOULDER,0.5570219159126282,0.3644377291202545,-0.08786509186029434,0.9989927411079407
11,RIGHT_SHOULDER,0.4105321764945984,0.3436231315135956,0.033179666846990585,0.9994168877601624
11,LEFT_ELBOW,0.6197025775909424,0.3634675443172455,-0.2365570217370987,0.898093044757843
11,RIGHT_ELBOW,0.3193923234939575,0.327083021402359,0.002772712614387274,0.9435181617736816
11,LEFT_WRIST,0.48777809739112854,0.3102816641330719,-0.3222574293613434,0.8956697583198547
11,RIGHT_WRIST,0.23210199177265167,0.24746397137641907,-0.11504664272069931,0.9117826819419861
11,LEFT_PINKY,0.4678131937980652,0.30391839146614075,-0.36425527930259705,0.8651901483535767
11,RIGHT_PINKY,0.21883362531661987,0.22860248386859894,-0.14892201125621796,0.8814713954925537
11,LEFT_INDEX,0.464257150888443,0.2953557074069977,-0.33491453528404236,0.8654979467391968
11,RIGHT_INDEX,0.21861399710178375,0.2286727875471115,-0.16099891066551208,0.8823093771934509
11,LEFT_THUMB,0.46891406178474426,0.2986333966255188,-0.3203854560852051,0.8672595024108887
11,RIGHT_THUMB,0.2240736335515976,0.23795907199382782,-0.12999963760375977,0.8791748285293579
11,LEFT_HIP,0.5042917728424072,0.6212204694747925,-0.03959287330508232,0.9990298748016357
11,RIGHT_HIP,0.4243745505809784,0.6027517914772034,0.03924389183521271,0.9992263317108154
11,LEFT_KNEE,0.4841754734516144,0.575567901134491,-0.2531844675540924,0.878499448299408
11,RIGHT_KNEE,0.4487653374671936,0.5333012342453003,-0.24656502902507782,0.8472720384597778
11,LEFT_ANKLE,0.4269743859767914,0.6697632670402527,-0.030476689338684082,0.8719558119773865
11,RIGHT_ANKLE,0.41476401686668396,0.6613375544548035,-0.14066092669963837,0.8282244205474854
11,LEFT_HEEL,0.42857012152671814,0.6789308190345764,-0.007781691383570433,0.841277003288269
11,RIGHT_HEEL,0.35844865441322327,0.6676682829856873,-0.1288326382637024,0.8100312948226929
11,LEFT_FOOT_INDEX,0.4251320958137512,0.7068018317222595,-0.09253336489200592,0.863280177116394
11,RIGHT_FOOT_INDEX,0.41046905517578125,0.6945013403892517,-0.19988687336444855,0.7945552468299866
12,NOSE,0.5751461386680603,0.44339558482170105,0.07679443061351776,0.998041033744812
12,LEFT_EYE_INNER,0.5843209028244019,0.4215666949748993,0.08588861674070358,0.9976204037666321
12,LEFT_EYE,0.5877766013145447,0.41834235191345215,0.08583797514438629,0.9975957274436951
12,LEFT_EYE_OUTER,0.5912209749221802,0.41605865955352783,0.08588764071464539,0.9973925352096558
12,RIGHT_EYE_INNER,0.5737022757530212,0.42331671714782715,0.05911088362336159,0.997744619846344
12,RIGHT_EYE,0.5693621635437012,0.4219646751880646,0.05874177813529968,0.9974144101142883
12,RIGHT_EYE_OUTER,0.5648965835571289,0.41969311237335205,0.05811885744333267,0.9971147179603577
12,LEFT_EAR,0.5924393534660339,0.399275541305542,0.1722768396139145,0.9970166087150574
12,RIGHT_EAR,0.5517017841339111,0.4047628939151764,0.04297122359275818,0.9972597360610962
12,MOUTH_LEFT,0.5729113817214966,0.45271873474121094,0.11577495187520981,0.9981189370155334
12,MOUTH_RIGHT,0.5614228248596191,0.45345479249954224,0.07752864062786102,0.9980523586273193
12,LEFT_SHOULDER,0.588888943195343,0.4345836341381073,0.22768984735012054,0.9989334940910339
12,RIGHT_SHOULDER,0.4803040325641632,0.4111596345901489,0.016119157895445824,0.9994654655456543
12,LEFT_ELBOW,0.6416242718696594,0.4397740066051483,0.18672555685043335,0.8450236320495605
12,RIGHT_ELBOW,0.3373331129550934,0.40680935978889465,0.03855308145284653,0.9194079637527466
12,LEFT_WRIST,0.6883927583694458,0.25168806314468384,0.15259508788585663,0.8682706356048584
12,RIGHT_WRIST,0.26545029878616333,0.46389511227607727,0.11084336787462234,0.8960589170455933
12,LEFT_PINKY,0.6530983448028564,0.25108012557029724,0.1583496630191803,0.8350788354873657
12,RIGHT_PINKY,0.24284042418003082,0.5339683294296265,0.14295130968093872,0.8632223010063171
12,LEFT_INDEX,0.6671462059020996,0.21048694849014282,0.17754407227039337,0.8352541327476501
12,RIGHT_INDEX,0.24733854830265045,0.5570581555366516,0.10409658402204514,0.8658405542373657
12,LEFT_THUMB,0.6513681411743164,0.2553580701351166,0.1600469946861267,0.834962010383606
12,RIGHT_THUMB,0.2571543753147125,0.5499758124351501,0.10411185771226883,0.8619926571846008
12,LEFT_HIP,0.4861484169960022,0.8716882467269897,0.058136235922575,0.9980977177619934
12,RIGHT_HIP,0.4268372058868408,0.8975514769554138,-0.057513024657964706,0.9989628791809082
12,LEFT_KNEE,0.567750871181488,0.613434910774231,-0.07307430356740952,0.8151840567588806
12,RIGHT_KNEE,0.4506058394908905,0.617271363735199,-0.422834575176239,0.8398832678794861
12,LEFT_ANKLE,0.5251834988594055,0.7680144309997559,-0.1875089406967163,0.7929304838180542
12,RIGHT_ANKLE,0.4697219133377075,0.7395482063293457,-0.6492659449577332,0.78121018409729
12,LEFT_HEEL,0.5131181478500366,0.8237160444259644,-0.21033084392547607,0.7826587557792664
12,RIGHT_HEEL,0.44797632098197937,0.7907150387763977,-0.6639346480369568,0.7859991788864136
12,LEFT_FOOT_INDEX,0.5368571877479553,0.7298192381858826,-0.2027505785226822,0.795887291431427
12,RIGHT_FOOT_INDEX,0.5321362614631653,0.6884084343910217,-0.7038711309432983,0.7673777937889099
13,NOSE,0.475090891122818,0.3317438066005707,0.06960640847682953,0.9981865882873535
13,LEFT_EYE_INNER,0.5038380026817322,0.3163493275642395,-0.3093456029891968,0.9978253841400146
13,LEFT_EYE,0.5146124958992004,0.31940361857414246,-0.31032678484916687,0.9978066086769104
13,LEFT_EYE_OUTER,0.5255380868911743,0.3226354718208313,-0.31080907583236694,0.9976247549057007
13,RIGHT_EYE_INNER,0.48855268955230713,0.3078303635120392,-0.16527624428272247,0.9978796243667603
13,RIGHT_EYE,0.4854966104030609,0.3043918311595917,-0.16729424893856049,0.9975537657737732
13,RIGHT_EYE_OUTER,0.4821694791316986,0.30053094029426575,-0.16771221160888672,0.9972640872001648
13,LEFT_EAR,0.570949137210846,0.3256811499595642,-0.47878068685531616,0.9972918629646301
13,RIGHT_EAR,0.5117769837379456,0.3072492182254791,-0.2480914145708084,0.9974450469017029
13,MOUTH_LEFT,0.5003320574760437,0.3552202582359314,-0.25822749733924866,0.9982813596725464
13,MOUTH_RIGHT,0.47756561636924744,0.3465973138809204,-0.1953488141298294,0.99819016456604
13,LEFT_SHOULDER,0.7007196545600891,0.46165499091148376,-0.5765939950942993,0.9990282654762268
13,RIGHT_SHOULDER,0.47987261414527893,0.34790489077568054,-0.04264245182275772,0.9994721412658691
13,LEFT_ELBOW,0.47535276412963867,0.5666067600250244,-0.5630068778991699,0.858426034450531
13,RIGHT_ELBOW,0.3148362338542938,0.34860339760780334,0.23525866866111755,0.9103670120239258
13,LEFT_WRIST,0.2849840521812439,0.5593227744102478,-0.5716779828071594,0.8801742196083069
13,RIGHT_WRIST,0.15374618768692017,0.2925664782524109,0.21330370008945465,0.8998900651931763
13,LEFT_PINKY,0.16676661372184753,0.5013700723648071,-0.6519861221313477,0.8497077226638794
13,RIGHT_PINKY,0.11747510731220245,0.27686771750450134,0.2089097499847412,0.8661056756973267
13,LEFT_INDEX,0.23228956758975983,0.542350172996521,-0.6724123954772949,0.8500375747680664
13,RIGHT_INDEX,0.1093754768371582,0.25986871123313904,0.12416712939739227,0.8699092268943787
13,LEFT_THUMB,0.23956748843193054,0.5348829627037048,-0.5741983652114868,0.8491944670677185
13,RIGHT_THUMB,0.12752027809619904,0.2779701352119446,0.17007029056549072,0.8667919635772705
13,LEFT_HIP,0.6259748935699463,0.7599239349365234,-0.10346756130456924,0.997485339641571
13,RIGHT_HIP,0.4688511788845062,0.6976740956306458,0.10417041182518005,0.9977973699569702
13,LEFT_KNEE,0.6660965085029602,0.8383190035820007,0.14601106941699982,0.8248642086982727
13,RIGHT_KNEE,0.4506503939628601,0.7412765026092529,0.4731425344944,0.8233501315116882
13,LEFT_ANKLE,0.6667197942733765,0.9952040910720825,0.6189599633216858,0.7948476672172546
13,RIGHT_ANKLE,0.5344868302345276,0.8969026207923889,0.8343372941017151,0.765346348285675
13,LEFT_HEEL,0.6770799160003662,1.022212028503418,0.6661220788955688,0.780949592590332
13,RIGHT_HEEL,0.5637633204460144,0.9259792566299438,0.8758925795555115,0.7709549069404602
13,LEFT_FOOT_INDEX,0.6674754619598389,1.0732439756393433,0.657730758190155,0.790428876876831
13,RIGHT_FOOT_INDEX,0.47894716262817383,0.9375914335250854,0.9101830720901489,0.7483465671539307
14,NOSE,0.5943067073822021,0.4206521213054657,0.6009557843208313,0.9529030919075012
14,LEFT_EYE_INNER,0.6233404278755188,0.4006761610507965,0.6157846450805664,0.9523981213569641
14,LEFT_EYE,0.6235665678977966,0.4007304906845093,0.6157630085945129,0.9547354578971863
14,LEFT_EYE_OUTER,0.6227263808250427,0.40181681513786316,0.6153316497802734,0.9557158946990967
14,RIGHT_EYE_INNER,0.6017609238624573,0.40122947096824646,0.6238683462142944,0.9659785628318787
14,RIGHT_EYE,0.5957261323928833,0.3998689353466034,0.6238611340522766,0.9692240953445435
14,RIGHT_EYE_OUTER,0.5892024636268616,0.4001578390598297,0.6231459975242615,0.9711140990257263
14,LEFT_EAR,0.673317015171051,0.397706538438797,0.6377376914024353,0.9554229974746704
14,RIGHT_EAR,0.5947582125663757,0.39891040325164795,0.677602231502533,0.9733576774597168
14,MOUTH_LEFT,0.6076285243034363,0.4364931285381317,0.5946331024169922,0.9533090591430664
14,MOUTH_RIGHT,0.5850638151168823,0.4344874620437622,0.6056457161903381,0.9675717949867249
14,LEFT_SHOULDER,0.7414664030075073,0.42579543590545654,0.4462866485118866,0.9942909479141235
14,RIGHT_SHOULDER,0.5020458698272705,0.4130975008010864,0.5865552425384521,0.9977031350135803
14,LEFT_ELBOW,0.7709736824035645,0.6858500838279724,0.4113903045654297,0.7882406711578369
14,RIGHT_ELBOW,0.20392677187919617,0.4607347548007965,0.4867687225341797,0.8453464508056641
14,LEFT_WRIST,0.6878350973129272,0.5915023684501648,0.3543437123298645,0.8030118346214294
14,RIGHT_WRIST,0.21160385012626648,0.48602283000946045,0.4119570553302765,0.8455707430839539
14,LEFT_PINKY,0.6591638922691345,0.6179816126823425,0.31371191143989563,0.7785022854804993
14,RIGHT_PINKY,0.21581034362316132,0.49918073415756226,0.43081021308898926,0.8157380223274231
14,LEFT_INDEX,0.6401437520980835,0.6066135168075562,0.35332873463630676,0.7792353630065918
14,RIGHT_INDEX,0.13935163617134094,0.4953163266181946,0.41687020659446716,0.8200971484184265
14,LEFT_THUMB,0.643176794052124,0.5957232713699341,0.3638426661491394,0.7816283106803894
14,RIGHT_THUMB,0.14632965624332428,0.4901183545589447,0.40730059146881104,0.8194503784179688
14,LEFT_HIP,0.6417652368545532,0.638001561164856,-0.031950693577528,0.9975929260253906
14,RIGHT_HIP,0.48549532890319824,0.6091649532318115,0.031978726387023926,0.9979059100151062
14,LEFT_KNEE,0.7701308727264404,0.5594112873077393,-0.44285526871681213,0.8403934240341187
14,RIGHT_KNEE,0.3023987114429474,0.47654980421066284,-0.12373331934213638,0.8381838202476501
14,LEFT_ANKLE,0.48822104930877686,0.772395670413971,-0.7059347629547119,0.8060398697853088
14,RIGHT_ANKLE,0.25668323040008545,0.6672533750534058,-0.43368083238601685,0.7794849276542664
14,LEFT_HEEL,0.45115533471107483,0.8015446066856384,-0.7285431027412415,0.7934462428092957
14,RIGHT_HEEL,0.26588472723960876,0.7086086869239807,-0.4635597765445709,0.7879123091697693
14,LEFT_FOOT_INDEX,0.41827160120010376,0.889237105846405,-0.8438848257064819,0.7879859805107117
14,RIGHT_FOOT_INDEX,0.2093820571899414,0.7279759049415588,-0.5424808263778687,0.7510198354721069
15,NOSE,0.5063937902450562,0.37815919518470764,-0.3669884204864502,0.9459460973739624
15,LEFT_EYE_INNER,0.49512770771980286,0.3524594306945801,-0.43626683950424194,0.9484657645225525
15,LEFT_EYE,0.4900805950164795,0.3391304612159729,-0.43692874908447266,0.9519010782241821
15,LEFT_EYE_OUTER,0.48529282212257385,0.330642968416214,-0.43787598609924316,0.9519564509391785
15,RIGHT_EYE_INNER,0.49849560856819153,0.3750181198120117,-0.4453897476196289,0.960419237613678
15,RIGHT_EYE,0.4938848912715912,0.37829411029815674,-0.44433358311653137,0.9616928100585938
15,RIGHT_EYE_OUTER,0.4887227714061737,0.38042545318603516,-0.44616809487342834,0.9607102274894714
15,LEFT_EAR,0.4469060003757477,0.33153173327445984,-0.4687451422214508,0.9543612599372864
15,RIGHT_EAR,0.4493653178215027,0.3780211806297302,-0.5190296769142151,0.9672102928161621
15,MOUTH_LEFT,0.48690399527549744,0.3735654354095459,-0.3533371388912201,0.9530242085456848
15,MOUTH_RIGHT,0.48774704337120056,0.3909599483013153,-0.35987430810928345,0.9655196666717529
15,LEFT_SHOULDER,0.5575959086418152,0.42333006858825684,-0.4953669309616089,0.9908420443534851
15,RIGHT_SHOULDER,0.297700971364975,0.3539406955242157,-0.22684980928897858,0.9870935678482056
15,LEFT_ELBOW,0.6741451025009155,0.6377453804016113,-0.5111390352249146,0.7466715574264526
15,RIGHT_ELBOW,0.19623816013336182,0.3109956979751587,0.26946741342544556,0.7970162034034729
15,LEFT_WRIST,0.6083443760871887,0.6438516974449158,-0.7723699808120728,0.7663202285766602
15,RIGHT_WRIST,0.3167306184768677,0.2234523892402649,-0.1755719929933548,0.8293127417564392
15,LEFT_PINKY,0.6055323481559753,0.6631374955177307,-0.9031745791435242,0.7485583424568176
15,RIGHT_PINKY,0.3551448583602905,0.22282667458057404,-0.3702739179134369,0.8055688142776489
15,LEFT_INDEX,0.6299384832382202,0.6431320309638977,-0.910787045955658,0.7515996098518372
15,RIGHT_INDEX,0.34859129786491394,0.19670633971691132,-0.470198392868042,0.8112158179283142
15,LEFT_THUMB,0.6272442936897278,0.6375918388366699,-0.7935161590576172,0.7549462914466858
15,RIGHT_THUMB,0.3267836272716522,0.18916922807693481,-0.30131787061691284,0.8089479207992554
15,LEFT_HIP,0.44784998893737793,0.868520975112915,-0.10578029602766037,0.9922588467597961
15,RIGHT_HIP,0.2400059998035431,0.8059810400009155,0.10813445597887039,0.9938700199127197
15,LEFT_KNEE,0.4743208587169647,1.0931131839752197,0.34933412075042725,0.8378019332885742
15,RIGHT_KNEE,0.22930988669395447,0.9621612429618835,0.4517000913619995,0.8115658760070801
15,LEFT_ANKLE,0.4784544110298157,1.3914780616760254,0.9313921928405762,0.7915171384811401
15,RIGHT_ANKLE,0.2708985209465027,1.3667160272598267,0.935477077960968,0.7588332295417786
15,LEFT_HEEL,0.4919936954975128,1.4233983755111694,0.9847279191017151,0.787783682346344
15,RIGHT_HEEL,0.3262290954589844,1.4244003295898438,0.982103168964386,0.7763501405715942
15,LEFT_FOOT_INDEX,0.4978821277618408,1.5689985752105713,0.8111419677734375,0.7622656226158142
15,RIGHT_FOOT_INDEX,0.18618494272232056,1.5287506580352783,0.77452152967453,0.7228926420211792
16,NOSE,0.6406646370887756,0.20502986013889313,-0.22168698906898499,0.9505692720413208
16,LEFT_EYE_INNER,0.6385664343833923,0.1986306607723236,-0.23499849438667297,0.9526816606521606
16,LEFT_EYE,0.638433575630188,0.19519487023353577,-0.23607631027698517,0.9559210538864136
16,LEFT_EYE_OUTER,0.6364198923110962,0.19034230709075928,-0.23701529204845428,0.9559578895568848
16,RIGHT_EYE_INNER,0.6142188906669617,0.20011118054389954,-0.2429027557373047,0.9632900357246399
16,RIGHT_EYE,0.6079283356666565,0.19972120225429535,-0.24287813901901245,0.9642038345336914
16,RIGHT_EYE_OUTER,0.5534016489982605,0.1731463372707367,-0.2444729059934616,0.9630649089813232
16,LEFT_EAR,0.609370768070221,0.1788349747657776,-0.06782971322536469,0.9582436680793762
16,RIGHT_EAR,0.5867792963981628,0.20763522386550903,-0.1190112754702568,0.9690289497375488
16,MOUTH_LEFT,0.6333752870559692,0.2319820076227188,-0.14376740157604218,0.9568764567375183
16,MOUTH_RIGHT,0.6220038533210754,0.23546451330184937,-0.15782278776168823,0.9680792093276978
16,LEFT_SHOULDER,0.6120168566703796,0.37975960969924927,-0.012610925361514091,0.9915428757667542
16,RIGHT_SHOULDER,0.4677640497684479,0.3178815245628357,-0.059283871203660965,0.9878158569335938
16,LEFT_ELBOW,0.6128382086753845,0.6301595568656921,0.027200626209378242,0.7584200501441956
16,RIGHT_ELBOW,0.27803176641464233,0.47183287143707275,-0.09753743559122086,0.7919272780418396
16,LEFT_WRIST,0.5500198006629944,0.6686750650405884,-0.24728962779045105,0.7804246544837952
16,RIGHT_WRIST,0.3477735221385956,0.5729265213012695,-0.25466179847717285,0.8204123377799988
16,LEFT_PINKY,0.5347925424575806,0.6978664994239807,-0.5249986052513123,0.7616974711418152
16,RIGHT_PINKY,0.4050372838973999,0.5894364714622498,-0.31636106967926025,0.8013914823532104
16,LEFT_INDEX,0.5387994647026062,0.6668186187744141,-0.8250815272331238,0.7647204399108887
16,RIGHT_INDEX,0.41844385862350464,0.5799193382263184,-0.35906335711479187,0.8087199330329895
16,LEFT_THUMB,0.5275242924690247,0.6571119427680969,-0.25218603014945984,0.7671145796775818
16,RIGHT_THUMB,0.37683767080307007,0.5818009376525879,-0.28628236055374146,0.8077414631843567
16,LEFT_HIP,0.5215863585472107,0.8639275431632996,0.0007459821063093841,0.9908620715141296
16,RIGHT_HIP,0.29644012451171875,0.8346871733665466,0.00040422994061373174,0.9930866956710815
16,LEFT_KNEE,0.5106523036956787,1.2675583362579346,0.28241536021232605,0.7910363078117371
16,RIGHT_KNEE,0.2803408205509186,1.2676305770874023,0.1517339050769806,0.7613507509231567
16,LEFT_ANKLE,0.4673072099685669,1.6887835264205933,0.7732350826263428,0.7185641527175903
16,RIGHT_ANKLE,0.25404512882232666,1.7167211771011353,0.42446035146713257,0.6971168518066406
16,LEFT_HEEL,0.45468616485595703,1.730896234512329,0.8197875022888184,0.7176631093025208
16,RIGHT_HEEL,0.2462509721517563,1.7686015367507935,0.45898815989494324,0.7159355282783508
16,LEFT_FOOT_INDEX,0.4343186020851135,1.849263310432434,0.5249803066253662,0.6952916383743286
16,RIGHT_FOOT_INDEX,0.25078409910202026,1.8559987545013428,0.09576396644115448,0.6593553423881531
17,NOSE,0.5629239082336426,0.2016904056072235,-0.2198658138513565,0.9551266431808472
17,LEFT_EYE_INNER,0.6025400757789612,0.16947200894355774,-0.22575293481349945,0.9566546082496643
17,LEFT_EYE,0.6165072917938232,0.17232732474803925,-0.2262975126504898,0.9597748517990112
17,LEFT_EYE_OUTER,0.6253077983856201,0.17522108554840088,-0.22682106494903564,0.9595596790313721
17,RIGHT_EYE_INNER,0.5603342056274414,0.15888243913650513,-0.2231058031320572,0.9661173224449158
17,RIGHT_EYE,0.5442442893981934,0.15357621014118195,-0.22265321016311646,0.9670084118843079
17,RIGHT_EYE_OUTER,0.5205698609352112,0.14565743505954742,-0.22394514083862305,0.9655991792678833
17,LEFT_EAR,0.562376856803894,0.1753176748752594,-0.09308121353387833,0.9619256258010864
17,RIGHT_EAR,0.5199556350708008,0.1371256709098816,0.009832380339503288,0.9716113805770874
17,MOUTH_LEFT,0.590291440486908,0.23071737587451935,-0.15616481006145477,0.9609795212745667
17,MOUTH_RIGHT,0.5354206562042236,0.2187851369380951,-0.1381586343050003,0.9710121154785156
17,LEFT_SHOULDER,0.7546005249023438,0.2955332398414612,-0.07696795463562012,0.9922744631767273
17,RIGHT_SHOULDER,0.3955583870410919,0.22590085864067078,0.25186845660209656,0.9888460636138916
17,LEFT_ELBOW,0.6387059092521667,0.5598417520523071,0.10020007193088531,0.7667441368103027
17,RIGHT_ELBOW,0.34344711899757385,0.4663560092449188,0.42066091299057007,0.7629320025444031
17,LEFT_WRIST,0.6318267583847046,0.6971434950828552,0.30753201246261597,0.7748416662216187
17,RIGHT_WRIST,0.30246153473854065,0.5724250674247742,0.29831841588020325,0.8013924360275269
17,LEFT_PINKY,0.6211391687393188,0.7494582533836365,0.2877298891544342,0.7585592269897461
17,RIGHT_PINKY,0.25827187299728394,0.6032214164733887,0.30358389019966125,0.7899137139320374
17,LEFT_INDEX,0.6055484414100647,0.7181422710418701,0.22715814411640167,0.7628385424613953
17,RIGHT_INDEX,0.26608705520629883,0.606038510799408,0.1963064819574356,0.7988340258598328
17,LEFT_THUMB,0.5871289968490601,0.6931684613227844,0.3059275448322296,0.7674325108528137
17,RIGHT_THUMB,0.30949363112449646,0.6195130944252014,0.24688170850276947,0.8004899024963379
17,LEFT_HIP,0.5435869693756104,0.6621813774108887,-0.09242262691259384,0.9911969304084778
17,RIGHT_HIP,0.35170891880989075,0.6514058709144592,0.09282504767179489,0.9931902885437012
17,LEFT_KNEE,0.5357459783554077,0.9165663123130798,0.3054141700267792,0.8068565130233765
17,RIGHT_KNEE,0.24549344182014465,0.8847669363021851,0.49828919768333435,0.7737491726875305
17,LEFT_ANKLE,0.44076618552207947,1.210998296737671,0.5795543789863586,0.7212864756584167
17,RIGHT_ANKLE,0.2848956286907196,1.2059242725372314,0.6229679584503174,0.7023030519485474
17,LEFT_HEEL,0.43034401535987854,1.2604612112045288,0.6002805233001709,0.7281510829925537
17,RIGHT_HEEL,0.3242650032043457,1.2709957361221313,0.6356470584869385,0.7310075163841248
17,LEFT_FOOT_INDEX,0.3986928462982178,1.382706642150879,0.5683155655860901,0.6812999248504639
17,RIGHT_FOOT_INDEX,0.10459872335195541,1.3425220251083374,0.6014289259910583,0.6514844298362732
18,NOSE,0.6605725288391113,0.23927097022533417,-0.515471875667572,0.9297479391098022
18,LEFT_EYE_INNER,0.7026762962341309,0.15968716144561768,-0.49806830286979675,0.932670533657074
18,LEFT_EYE,0.7235063910484314,0.15995346009731293,-0.49877649545669556,0.9377784132957458
18,LEFT_EYE_OUTER,0.7429466843605042,0.16143499314785004,-0.5002339482307434,0.9361745715141296
18,RIGHT_EYE_INNER,0.6500085592269897,0.15241897106170654,-0.5003013014793396,0.9474900364875793
18,RIGHT_EYE,0.5874119400978088,0.16833710670471191,-0.5006586313247681,0.9499125480651855
18,RIGHT_EYE_OUTER,0.5647134184837341,0.17597147822380066,-0.5026835799217224,0.9497851729393005
18,LEFT_EAR,0.7632320523262024,0.232134148478508,-0.2419188916683197,0.9386023879051208
18,RIGHT_EAR,0.5714505910873413,0.12895609438419342,-0.12792819738388062,0.9627813696861267
18,MOUTH_LEFT,0.6886561512947083,0.29760339856147766,-0.39442580938339233,0.940179169178009
18,MOUTH_RIGHT,0.6435483694076538,0.2707535922527313,-0.39256179332733154,0.9568963646888733
18,LEFT_SHOULDER,0.9211419820785522,0.4541856348514557,-0.06018424779176712,0.9740371704101562
18,RIGHT_SHOULDER,0.41870883107185364,0.366970956325531,-0.046901654452085495,0.9869141578674316
18,LEFT_ELBOW,0.8643518686294556,0.7184174060821533,0.13354037702083588,0.7031821012496948
18,RIGHT_ELBOW,0.28373149037361145,0.5945736765861511,-0.00969729945063591,0.7208043336868286
18,LEFT_WRIST,0.6072653532028198,0.6264435648918152,0.17750777304172516,0.7116726040840149
18,RIGHT_WRIST,0.3684775233268738,0.5567672848701477,-0.08159779757261276,0.7739987373352051
18,LEFT_PINKY,0.6580430865287781,0.6154475808143616,0.15682893991470337,0.7023218274116516
18,RIGHT_PINKY,0.34423959255218506,0.5623359680175781,-0.11584297567605972,0.7706509232521057
18,LEFT_INDEX,0.6551321744918823,0.5587130188941956,0.13351230323314667,0.7079713344573975
18,RIGHT_INDEX,0.3566893935203552,0.524051308631897,-0.1267479956150055,0.7811684608459473
18,LEFT_THUMB,0.6423300504684448,0.561223566532135,0.17448866367340088,0.7141088843345642
18,RIGHT_THUMB,0.37058255076408386,0.5273030996322632,-0.08664370328187943,0.780903697013855
18,LEFT_HIP,0.6903407573699951,0.8386451601982117,-0.034981753677129745,0.978896975517273
18,RIGHT_HIP,0.3699750304222107,0.7994798421859741,0.03565376624464989,0.9882804155349731
18,LEFT_KNEE,0.5128358006477356,1.084160566329956,0.6323909163475037,0.7772557735443115
18,RIGHT_KNEE,0.30428674817085266,1.0744694471359253,0.6952197551727295,0.7424924373626709
18,LEFT_ANKLE,0.46891120076179504,1.4278513193130493,1.62782883644104,0.6711146235466003
18,RIGHT_ANKLE,0.31545770168304443,1.4437376260757446,1.4231599569320679,0.6730825901031494
18,LEFT_HEEL,0.45681047439575195,1.4701285362243652,1.7341628074645996,0.6811715364456177
18,RIGHT_HEEL,0.3411819040775299,1.4895139932632446,1.5048164129257202,0.699362576007843
18,LEFT_FOOT_INDEX,0.4376349449157715,1.5689306259155273,1.5126346349716187,0.6374828815460205
18,RIGHT_FOOT_INDEX,0.24564997851848602,1.5897722244262695,1.1979609727859497,0.6132538318634033
19,NOSE,0.3441152274608612,0.2846657633781433,-0.41052693128585815,0.9197108745574951
19,LEFT_EYE_INNER,0.3665720820426941,0.24107958376407623,-0.43473583459854126,0.9286004304885864
19,LEFT_EYE,0.37589773535728455,0.23856115341186523,-0.43477094173431396,0.9332863688468933
19,LEFT_EYE_OUTER,0.38529402017593384,0.2377103716135025,-0.43511301279067993,0.9335383176803589
19,RIGHT_EYE_INNER,0.3484901785850525,0.24134786427021027,-0.4053022265434265,0.9367274641990662
19,RIGHT_EYE,0.33946019411087036,0.24524474143981934,-0.4049609303474426,0.9354420304298401
19,RIGHT_EYE_OUTER,0.3355550169944763,0.24634616076946259,-0.4055909514427185,0.9353718757629395
19,LEFT_EAR,0.415009468793869,0.260712593793869,-0.4570356607437134,0.9293021559715271
19,RIGHT_EAR,0.35285213589668274,0.2453182488679886,-0.26230767369270325,0.9444034695625305
19,MOUTH_LEFT,0.36309874057769775,0.3155425190925598,-0.3956853449344635,0.93370521068573
19,MOUTH_RIGHT,0.3454950749874115,0.3146005868911743,-0.3528200387954712,0.9445187449455261
19,LEFT_SHOULDER,0.5271483659744263,0.37771207094192505,-0.4452779293060303,0.974334180355072
19,RIGHT_SHOULDER,0.3571961522102356,0.35967007279396057,-0.11330844461917877,0.9809431433677673
19,LEFT_ELBOW,0.4451301097869873,0.4529799222946167,-0.6542119383811951,0.6917148232460022
19,RIGHT_ELBOW,0.27247685194015503,0.40576180815696716,-0.09607046097517014,0.6637688875198364
19,LEFT_WRIST,0.3766537308692932,0.3869830369949341,-0.7040956616401672,0.7166574001312256
19,RIGHT_WRIST,0.30991676449775696,0.37506505846977234,-0.1547752320766449,0.7438867092132568
19,LEFT_PINKY,0.3857402801513672,0.4668574035167694,-0.7697824835777283,0.7108174562454224
19,RIGHT_PINKY,0.30724969506263733,0.4194382131099701,-0.1663677841424942,0.7472051978111267
19,LEFT_INDEX,0.40719711780548096,0.43655017018318176,-0.7492503523826599,0.7162931561470032
19,RIGHT_INDEX,0.2804912030696869,0.2540241479873657,-0.10552532970905304,0.7589473724365234
19,LEFT_THUMB,0.40773212909698486,0.40992292761802673,-0.700083315372467,0.7194210290908813
19,RIGHT_THUMB,0.2838055491447449,0.25751230120658875,-0.14841793477535248,0.7573859095573425
19,LEFT_HIP,0.33776530623435974,0.7269573211669922,-0.147445946931839,0.9722838997840881
19,RIGHT_HIP,0.2951500415802002,0.7066900134086609,0.14803171157836914,0.9769541025161743
19,LEFT_KNEE,0.28409430384635925,0.6328394412994385,-0.03672167658805847,0.7516210079193115
19,RIGHT_KNEE,0.28343015909194946,0.6275745034217834,0.4892389476299286,0.6853143572807312
19,LEFT_ANKLE,0.37099990248680115,0.6231749653816223,0.5064299702644348,0.6392256617546082
19,RIGHT_ANKLE,0.3295004367828369,0.6426229476928711,0.7151732444763184,0.6247739791870117
19,LEFT_HEEL,0.38840451836586,0.610916018486023,0.5548231601715088,0.6485742926597595
19,RIGHT_HEEL,0.38887709379196167,0.6533058285713196,0.7429715991020203,0.6529293656349182
19,LEFT_FOOT_INDEX,0.3787643015384674,0.5820096135139465,0.5457254648208618,0.616895854473114
19,RIGHT_FOOT_INDEX,0.29843586683273315,0.6442435383796692,0.7727168798446655,0.5826692581176758
20,NOSE,0.4493366777896881,0.6288831830024719,-0.0791512057185173,0.9151314496994019
20,LEFT_EYE_INNER,0.4887845516204834,0.5625962018966675,-0.07657156139612198,0.9201734662055969
20,LEFT_EYE,0.4981973171234131,0.55866539478302,-0.0774516686797142,0.9262359738349915
20,LEFT_EYE_OUTER,0.5062078237533569,0.556794285774231,-0.07861238718032837,0.9242358207702637
20,RIGHT_EYE_INNER,0.4596219062805176,0.5653284192085266,-0.07688230276107788,0.9291359782218933
20,RIGHT_EYE,0.4478393793106079,0.5713912844657898,-0.07765113562345505,0.9281619787216187
20,RIGHT_EYE_OUTER,0.4179137945175171,0.5755602717399597,-0.07973014563322067,0.9256613254547119
20,LEFT_EAR,0.4992050528526306,0.599036693572998,0.03615536168217659,0.9255887269973755
20,RIGHT_EAR,0.405975878238678,0.5925208926200867,0.028221698477864265,0.9398646950721741
20,MOUTH_LEFT,0.46026742458343506,0.6621515154838562,-0.028699995949864388,0.9316171407699585
20,MOUTH_RIGHT,0.4163612127304077,0.6713049411773682,-0.035192281007766724,0.9424208402633667
20,LEFT_SHOULDER,0.6031492352485657,0.7522467970848083,-0.005615619942545891,0.9749284982681274
20,RIGHT_SHOULDER,0.34305259585380554,0.7163912653923035,0.08253263682126999,0.9810810089111328
20,LEFT_ELBOW,0.6519848704338074,0.8733687400817871,0.016837269067764282,0.6922756433486938
20,RIGHT_ELBOW,0.1701091080904007,0.8076596856117249,-0.16195529699325562,0.6190531849861145
20,LEFT_WRIST,0.7929805517196655,0.7546660304069519,0.02624436840415001,0.7010288834571838
20,RIGHT_WRIST,0.28801295161247253,0.744769275188446,-0.5596628189086914,0.725281298160553
20,LEFT_PINKY,0.809009850025177,0.8326740860939026,-0.013689548708498478,0.6911898851394653
20,RIGHT_PINKY,0.2787801921367645,0.7959770560264587,-0.5645594596862793,0.7163638472557068
20,LEFT_INDEX,0.8407073020935059,0.8056196570396423,-0.026681024581193924,0.7002484798431396
20,RIGHT_INDEX,0.2798730731010437,0.6473694443702698,-0.5488924384117126,0.7275261282920837
20,LEFT_THUMB,0.8311337828636169,0.797000527381897,0.013178803957998753,0.7041301131248474
20,RIGHT_THUMB,0.2855997383594513,0.6446501612663269,-0.5668548345565796,0.7331702709197998
20,LEFT_HIP,0.4082726538181305,1.3654038906097412,-0.1013135090470314,0.9673362970352173
20,RIGHT_HIP,0.23508904874324799,1.3238611221313477,0.10677008330821991,0.9746499061584473
20,LEFT_KNEE,0.25766390562057495,2.12086820602417,0.3554079532623291,0.7142416834831238
20,RIGHT_KNEE,0.021827492862939835,2.09968900680542,0.2766008675098419,0.6577377915382385
20,LEFT_ANKLE,0.0902470126748085,2.949746608734131,1.0433834791183472,0.5781177282333374
20,RIGHT_ANKLE,-0.15338300168514252,2.940601110458374,0.7203376889228821,0.5697563886642456
20,LEFT_HEEL,0.0562325082719326,3.044938325881958,1.107393503189087,0.5874601006507874
20,RIGHT_HEEL,-0.17250238358974457,3.043959140777588,0.7676670551300049,0.5939631462097168
20,LEFT_FOOT_INDEX,0.020125707611441612,3.225566864013672,0.7172511219978333,0.5580880641937256
20,RIGHT_FOOT_INDEX,-0.17274320125579834,3.167693853378296,0.3109738826751709,0.5260457992553711
21,NOSE,0.5360139608383179,0.6028110384941101,-0.32745805382728577,0.8918991088867188
21,LEFT_EYE_INNER,0.5617619156837463,0.5243222117424011,-0.35093897581100464,0.8968985676765442
21,LEFT_EYE,0.5671740174293518,0.5271469950675964,-0.35178691148757935,0.8992477059364319
21,LEFT_EYE_OUTER,0.5713738799095154,0.5270785689353943,-0.3532169461250305,0.9031897187232971
21,RIGHT_EYE_INNER,0.5183305144309998,0.4974694848060608,-0.28165173530578613,0.9055567383766174
21,RIGHT_EYE,0.5133780837059021,0.5011383295059204,-0.2822011411190033,0.899080753326416
21,RIGHT_EYE_OUTER,0.5031546354293823,0.4998249411582947,-0.28392377495765686,0.9037245512008667
21,LEFT_EAR,0.6469283699989319,0.5562069416046143,-0.22521673142910004,0.9109407663345337
21,RIGHT_EAR,0.5076990127563477,0.5271599292755127,0.029441602528095245,0.9179847240447998
21,MOUTH_LEFT,0.5732430219650269,0.6534932851791382,-0.2565094232559204,0.9145061373710632
21,MOUTH_RIGHT,0.523199200630188,0.6729589104652405,-0.15624935925006866,0.9262779951095581
21,LEFT_SHOULDER,0.7805237770080566,0.7201415300369263,-0.3085012137889862,0.9719282984733582
21,RIGHT_SHOULDER,0.44280651211738586,0.7069214582443237,0.28206145763397217,0.9800688028335571
21,LEFT_ELBOW,0.7996001839637756,0.825914204120636,-0.5465171933174133,0.7076312303543091
21,RIGHT_ELBOW,0.3188721835613251,0.6860858798027039,0.062197864055633545,0.6137062907218933
21,LEFT_WRIST,0.7667922973632812,0.4959980547428131,-0.31198930740356445,0.6822196245193481
21,RIGHT_WRIST,0.3588961958885193,0.438457190990448,-0.46048471331596375,0.7302740216255188
21,LEFT_PINKY,0.6960963606834412,0.45891764760017395,-0.35301464796066284,0.6596315503120422
21,RIGHT_PINKY,0.35526350140571594,0.3648831844329834,-0.5006271004676819,0.7136324644088745
21,LEFT_INDEX,0.697250247001648,0.436759352684021,-0.2981906831264496,0.6679126620292664
21,RIGHT_INDEX,0.3718704879283905,0.34617578983306885,-0.5084259510040283,0.7245786786079407
21,LEFT_THUMB,0.697488009929657,0.4615141749382019,-0.28287455439567566,0.6738097667694092
21,RIGHT_THUMB,0.3724645972251892,0.3621549606323242,-0.46997326612472534,0.7297470569610596
21,LEFT_HIP,0.5153160691261292,1.6646521091461182,-0.18699470162391663,0.9050909280776978
21,RIGHT_HIP,0.2568863034248352,1.5694446563720703,0.18798840045928955,0.9212913513183594
21,LEFT_KNEE,0.2870478630065918,2.5013391971588135,0.00015519701992161572,0.6461145877838135
21,RIGHT_KNEE,0.13934940099716187,2.396202564239502,0.3393721878528595,0.5944125652313232
21,LEFT_ANKLE,0.200819194316864,3.2888574600219727,0.6272990703582764,0.5204201936721802
21,RIGHT_ANKLE,0.026136184111237526,3.2215094566345215,0.6478817462921143,0.513359010219574
21,LEFT_HEEL,0.18631300330162048,3.4007606506347656,0.6576449275016785,0.5289212465286255
21,RIGHT_HEEL,0.019191937521100044,3.33640193939209,0.6627188324928284,0.5352703928947449
21,LEFT_FOOT_INDEX,0.1405361443758011,3.4906270503997803,0.20867247879505157,0.5025091171264648
21,RIGHT_FOOT_INDEX,-0.018394364044070244,3.4192187786102295,0.19996237754821777,0.47385406494140625
23,NOSE,0.644314169883728,0.3966750502586365,-0.4626496434211731,0.9027090668678284
23,LEFT_EYE_INNER,0.6612605452537537,0.4033510982990265,-0.43652182817459106,0.9072083234786987
23,LEFT_EYE,0.662780225276947,0.4077812135219574,-0.4365852475166321,0.9093224406242371
23,LEFT_EYE_OUTER,0.6642378568649292,0.41241639852523804,-0.43656662106513977,0.9128699898719788
23,RIGHT_EYE_INNER,0.6565741896629333,0.3924828767776489,-0.4044491648674011,0.9150007963180542
23,RIGHT_EYE,0.6557761430740356,0.38979971408843994,-0.40436118841171265,0.9091722369194031
23,RIGHT_EYE_OUTER,0.6548641920089722,0.38716864585876465,-0.40417805314064026,0.9133517742156982
23,LEFT_EAR,0.6590515375137329,0.42491763830184937,-0.2791456878185272,0.9198459386825562
23,RIGHT_EAR,0.645014762878418,0.39314281940460205,-0.13393914699554443,0.9261859655380249
23,MOUTH_LEFT,0.6293286085128784,0.40789294242858887,-0.4061247408390045,0.9230545163154602
23,MOUTH_RIGHT,0.6214828491210938,0.39470282196998596,-0.36442992091178894,0.9336498975753784
23,LEFT_SHOULDER,0.5823131203651428,0.4585126042366028,-0.36583200097084045,0.9747335910797119
23,RIGHT_SHOULDER,0.5307027101516724,0.42472249269485474,0.15330564975738525,0.9820616245269775
23,LEFT_ELBOW,0.4350445568561554,0.42604154348373413,-0.5238924026489258,0.7367442846298218
23,RIGHT_ELBOW,0.4029752016067505,0.4228365421295166,0.30760136246681213,0.6277109980583191
23,LEFT_WRIST,0.40859904885292053,0.34170398116111755,-0.6042115688323975,0.7137458324432373
23,RIGHT_WRIST,0.2826109528541565,0.4564250111579895,0.19096294045448303,0.750923752784729
23,LEFT_PINKY,0.39455485343933105,0.3232540190219879,-0.682808518409729,0.6927370429039001
23,RIGHT_PINKY,0.24925845861434937,0.4694924056529999,0.18260934948921204,0.7317734360694885
23,LEFT_INDEX,0.4033767879009247,0.315765380859375,-0.6662383079528809,0.7000411152839661
23,RIGHT_INDEX,0.24975243210792542,0.4720323979854584,0.12763172388076782,0.7418434619903564
23,LEFT_THUMB,0.4097076654434204,0.32482489943504333,-0.6028085350990295,0.7045116424560547
23,RIGHT_THUMB,0.26208508014678955,0.46855950355529785,0.16352874040603638,0.7463124990463257
23,LEFT_HIP,0.4608395993709564,0.6145617961883545,-0.11470568180084229,0.914577066898346
23,RIGHT_HIP,0.3913712501525879,0.5992891788482666,0.11391906440258026,0.929161787033081
23,LEFT_KNEE,0.5256295800209045,0.7654511332511902,-0.24828305840492249,0.68133544921875
23,RIGHT_KNEE,0.27813130617141724,0.7063880562782288,-0.06519313901662827,0.6346166729927063
23,LEFT_ANKLE,0.726860761642456,0.8197871446609497,0.08890064060688019,0.567757785320282
23,RIGHT_ANKLE,0.32398051023483276,0.8137028813362122,0.2933548390865326,0.5616022348403931
23,LEFT_HEEL,0.7692685127258301,0.8114469647407532,0.12205729633569717,0.5722008943557739
23,RIGHT_HEEL,0.3512856662273407,0.8292264938354492,0.32233962416648865,0.5805806517601013
23,LEFT_FOOT_INDEX,0.7516355514526367,0.8663100600242615,0.020232340320944786,0.5515040159225464
23,RIGHT_FOOT_INDEX,0.25815898180007935,0.8552461862564087,0.22167252004146576,0.5256800651550293
24,NOSE,0.5103355646133423,0.37315237522125244,-0.07355108857154846,0.9124311208724976
24,LEFT_EYE_INNER,0.5268862247467041,0.36723142862319946,-0.07220637798309326,0.9164713025093079
24,LEFT_EYE,0.5307700634002686,0.36813727021217346,-0.07221343368291855,0.9183778166770935
24,LEFT_EYE_OUTER,0.5347290635108948,0.36916473507881165,-0.07232286036014557,0.9215657711029053
24,RIGHT_EYE_INNER,0.5221056938171387,0.3663710057735443,-0.040412526577711105,0.9234808683395386
24,RIGHT_EYE,0.5222406387329102,0.3665854036808014,-0.04051581025123596,0.9182360172271729
24,RIGHT_EYE_OUTER,0.5225403904914856,0.36683130264282227,-0.040531791746616364,0.9219967722892761
24,LEFT_EAR,0.5494693517684937,0.3797997236251831,-0.04353881999850273,0.9278488755226135
24,RIGHT_EAR,0.5324941277503967,0.37441378831863403,0.1064266711473465,0.9335461854934692
24,MOUTH_LEFT,0.5131430625915527,0.38317808508872986,-0.06039842963218689,0.9307015538215637
24,MOUTH_RIGHT,0.5079032182693481,0.38273224234580994,-0.017420891672372818,0.94022536277771
24,LEFT_SHOULDER,0.5801894068717957,0.43239837884902954,-0.0808916985988617,0.9772396087646484
24,RIGHT_SHOULDER,0.4872727394104004,0.41823163628578186,0.1885756403207779,0.9838374853134155
24,LEFT_ELBOW,0.6618406176567078,0.4408174455165863,-0.21287065744400024,0.7628176212310791
24,RIGHT_ELBOW,0.42488449811935425,0.3440166413784027,0.2281149923801422,0.6638076901435852
24,LEFT_WRIST,0.7798293828964233,0.4486219584941864,-0.3480587601661682,0.7411541938781738
24,RIGHT_WRIST,0.40092548727989197,0.27189871668815613,0.1560765504837036,0.7746118903160095
24,LEFT_PINKY,0.8066820502281189,0.4592828154563904,-0.3718750476837158,0.7198968529701233
24,RIGHT_PINKY,0.3806411325931549,0.2602737545967102,0.14156875014305115,0.7543703317642212
24,LEFT_INDEX,0.8097726106643677,0.45734861493110657,-0.4064638912677765,0.7268089652061462
24,RIGHT_INDEX,0.38425177335739136,0.2591264545917511,0.1174212098121643,0.763668417930603
24,LEFT_THUMB,0.7995739579200745,0.4552006721496582,-0.3705383241176605,0.7314553260803223
24,RIGHT_THUMB,0.39246004819869995,0.2630905508995056,0.13587403297424316,0.7680841088294983
24,LEFT_HIP,0.49533867835998535,0.5664927363395691,-0.12089324742555618,0.9230661392211914
24,RIGHT_HIP,0.4467582106590271,0.5644629597663879,0.12054775655269623,0.9362223744392395
24,LEFT_KNEE,0.42573925852775574,0.6164787411689758,-0.3748076558113098,0.7106052041053772
24,RIGHT_KNEE,0.47918546199798584,0.6877046227455139,-0.006209938786923885,0.6655234694480896
24,LEFT_ANKLE,0.5187047719955444,0.6658505201339722,-0.3102312386035919,0.5977960824966431
24,RIGHT_ANKLE,0.501868724822998,0.7917018532752991,-0.08245367556810379,0.5935919284820557
24,LEFT_HEEL,0.5308837890625,0.6561864018440247,-0.3018922209739685,0.6041218042373657
24,RIGHT_HEEL,0.5288665890693665,0.8093920946121216,-0.09409840404987335,0.6143101453781128
24,LEFT_FOOT_INDEX,0.5087968111038208,0.6936933398246765,-0.35410115122795105,0.5876750349998474
24,RIGHT_FOOT_INDEX,0.48393768072128296,0.8211756348609924,-0.16944639384746552,0.5653644800186157
25,NOSE,0.5819801688194275,0.18430256843566895,0.3478972017765045,0.9211595058441162
25,LEFT_EYE_INNER,0.5806991457939148,0.16514119505882263,0.32160139083862305,0.9247993230819702
25,LEFT_EYE,0.5750667452812195,0.1639615148305893,0.3216296136379242,0.926513135433197
25,LEFT_EYE_OUTER,0.5689916610717773,0.16307741403579712,0.32159513235092163,0.9293897747993469
25,RIGHT_EYE_INNER,0.590823769569397,0.16673064231872559,0.2796461284160614,0.9310967326164246
25,RIGHT_EYE,0.5926311016082764,0.16650472581386566,0.2797571122646332,0.9263657331466675
25,RIGHT_EYE_OUTER,0.5943451523780823,0.16643577814102173,0.2796922028064728,0.9297506809234619
25,LEFT_EAR,0.5465933084487915,0.1665250062942505,0.23324169218540192,0.9350353479385376
25,RIGHT_EAR,0.5854674577713013,0.17163941264152527,0.050245024263858795,0.940128743648529
25,MOUTH_LEFT,0.5647543668746948,0.19572626054286957,0.32792040705680847,0.9375892877578735
25,MOUTH_RIGHT,0.5760148167610168,0.19654086232185364,0.27173787355422974,0.9461447596549988
25,LEFT_SHOULDER,0.39786118268966675,0.2554023563861847,0.23200683295726776,0.979501485824585
25,RIGHT_SHOULDER,0.5967350602149963,0.24122419953346252,-0.1453494280576706,0.9854487180709839
25,LEFT_ELBOW,0.2587953507900238,0.3474193215370178,0.30406463146209717,0.7839197516441345
25,RIGHT_ELBOW,0.7220842838287354,0.24421267211437225,-0.20414476096630096,0.697411060333252
25,LEFT_WRIST,0.2649729251861572,0.458391010761261,0.33232060074806213,0.7137659192085266
25,RIGHT_WRIST,0.8770491480827332,0.22172357141971588,-0.049724873155355453,0.7969549894332886
25,LEFT_PINKY,0.2528606057167053,0.48612719774246216,0.34140127897262573,0.6803112030029297
25,RIGHT_PINKY,0.9264795780181885,0.21363258361816406,-0.07713119685649872,0.7782508730888367
25,LEFT_INDEX,0.26630643010139465,0.4869219958782196,0.31687888503074646,0.684847891330719
25,RIGHT_INDEX,0.9259425401687622,0.20611698925495148,-0.03472268953919411,0.7865254878997803
25,LEFT_THUMB,0.27699336409568787,0.4772448241710663,0.3237137794494629,0.6899186968803406
25,RIGHT_THUMB,0.9090706706047058,0.20743991434574127,-0.02720542810857296,0.789665937423706
25,LEFT_HIP,0.3299010694026947,0.4936493933200836,0.14024102687835693,0.9306526184082031
25,RIGHT_HIP,0.43730998039245605,0.5043213963508606,-0.14074991643428802,0.9425657987594604
25,LEFT_KNEE,0.2700575292110443,0.6646296381950378,0.2940380275249481,0.7141228914260864
25,RIGHT_KNEE,0.37153905630111694,0.7094289064407349,-0.2241872251033783,0.6946101784706116
25,LEFT_ANKLE,0.09272630512714386,0.8020989298820496,0.4630803167819977,0.6220831871032715
25,RIGHT_ANKLE,0.17923371493816376,0.884630560874939,-0.24436791241168976,0.6315115690231323
25,LEFT_HEEL,0.05996253341436386,0.8196147084236145,0.4772663712501526,0.6244602203369141
25,RIGHT_HEEL,0.13348862528800964,0.9133297801017761,-0.24962984025478363,0.6472728848457336
25,LEFT_FOOT_INDEX,0.05343134328722954,0.8626811504364014,0.4384240210056305,0.6037033796310425
25,RIGHT_FOOT_INDEX,0.25362274050712585,0.9215130805969238,-0.3696322739124298,0.6018184423446655
26,NOSE,0.5930991172790527,0.13472993671894073,-0.33678823709487915,0.9289557337760925
26,LEFT_EYE_INNER,0.5980975031852722,0.34961915016174316,-0.26907023787498474,0.9320985078811646
26,LEFT_EYE,0.6016882658004761,0.36580589413642883,-0.2696567475795746,0.9336866140365601
26,LEFT_EYE_OUTER,0.6055478453636169,0.3776615858078003,-0.2702157497406006,0.9362049698829651
26,RIGHT_EYE_INNER,0.5880680084228516,0.2526135742664337,-0.16691848635673523,0.9378026723861694
26,RIGHT_EYE,0.5849213600158691,0.18762198090553284,-0.16404014825820923,0.9335876703262329
26,RIGHT_EYE_OUTER,0.5819344520568848,0.14654375612735748,-0.16105534136295319,0.9366397857666016
26,LEFT_EAR,0.6153935194015503,0.39584213495254517,-0.24192151427268982,0.9410879611968994
26,RIGHT_EAR,0.5864573121070862,0.19879110157489777,-0.21240651607513428,0.946013331413269
26,MOUTH_LEFT,0.5938007831573486,0.20512540638446808,-0.2459419071674347,0.9435447454452515
26,MOUTH_RIGHT,0.5873814821243286,0.3656623661518097,-0.11286472529172897,0.9513330459594727
26,LEFT_SHOULDER,0.6757538914680481,0.4064304828643799,-0.25742632150650024,0.9814901351928711
26,RIGHT_SHOULDER,0.5550972819328308,0.4431356191635132,-0.11824297904968262,0.9868854880332947
26,LEFT_ELBOW,0.681627631187439,0.3952041566371918,-0.38057270646095276,0.8046671152114868
26,RIGHT_ELBOW,0.4879578948020935,0.5031124353408813,-0.08213715255260468,0.7243962287902832
26,LEFT_WRIST,0.6765701770782471,0.3221105635166168,-0.5319149494171143,0.7416189908981323
26,RIGHT_WRIST,0.394864022731781,0.48488250374794006,-0.21607951819896698,0.8134524822235107
26,LEFT_PINKY,0.6913685202598572,0.30286669731140137,-0.6039078831672668,0.7100750207901001
26,RIGHT_PINKY,0.36222511529922485,0.4273741543292999,-0.23336096107959747,0.7931812405586243
26,LEFT_INDEX,0.6824113130569458,0.30216529965400696,-0.588600754737854,0.7139413952827454
26,RIGHT_INDEX,0.3633304238319397,0.40327829122543335,-0.27873775362968445,0.8015443682670593
26,LEFT_THUMB,0.6759478449821472,0.3087031841278076,-0.5349082350730896,0.7186304330825806
26,RIGHT_THUMB,0.37546485662460327,0.4417946934700012,-0.2409570813179016,0.8049517273902893
26,LEFT_HIP,0.6708431243896484,0.5785199999809265,-0.0490962415933609,0.9373018145561218
26,RIGHT_HIP,0.5804139375686646,0.4634299576282501,0.04890644550323486,0.9482384324073792
26,LEFT_KNEE,0.6310179829597473,0.6780771613121033,-0.22042503952980042,0.7400923371315002
26,RIGHT_KNEE,0.4779171347618103,0.6420286893844604,-0.5974159836769104,0.7241247296333313
26,LEFT_ANKLE,0.5897815823554993,0.8077735304832458,-0.03259565308690071,0.6573059558868408
26,RIGHT_ANKLE,0.5683727860450745,0.7831776738166809,-0.4876638948917389,0.6622766852378845
26,LEFT_HEEL,0.5834187865257263,0.8744672536849976,-0.03369652107357979,0.6531230211257935
26,RIGHT_HEEL,0.5910382270812988,0.797770082950592,-0.47369834780693054,0.6704745888710022
26,LEFT_FOOT_INDEX,0.5869985222816467,0.7946996092796326,-0.28904786705970764,0.6407756209373474
26,RIGHT_FOOT_INDEX,0.6164271831512451,0.8416861891746521,-0.6346645355224609,0.6369409561157227
27,NOSE,0.43458718061447144,0.25894874334335327,-0.35828039050102234,0.9360586404800415
27,LEFT_EYE_INNER,0.4420764446258545,0.2519373893737793,-0.37782928347587585,0.9388856887817383
27,LEFT_EYE,0.44430235028266907,0.2520778179168701,-0.3778333067893982,0.9403148889541626
27,LEFT_EYE_OUTER,0.446758508682251,0.25216901302337646,-0.3780680298805237,0.942581295967102
27,RIGHT_EYE_INNER,0.44091928005218506,0.24950896203517914,-0.3571261763572693,0.9440184235572815
27,RIGHT_EYE,0.4418538808822632,0.2474205046892166,-0.3571135997772217,0.9402222633361816
27,RIGHT_EYE_OUTER,0.4428805112838745,0.2460024654865265,-0.35702767968177795,0.9429689049720764
27,LEFT_EAR,0.4662577211856842,0.26140421628952026,-0.37308406829833984,0.9469776749610901
27,RIGHT_EAR,0.4573619067668915,0.2550196945667267,-0.28998827934265137,0.951409637928009
27,MOUTH_LEFT,0.4377242624759674,0.2744905352592468,-0.3470953106880188,0.9491884112358093
27,MOUTH_RIGHT,0.4381527900695801,0.2808743715286255,-0.31928449869155884,0.9561971426010132
27,LEFT_SHOULDER,0.5230335593223572,0.3298572897911072,-0.20361140370368958,0.983339786529541
27,RIGHT_SHOULDER,0.4256994426250458,0.3177497386932373,-0.22611407935619354,0.9881963729858398
27,LEFT_ELBOW,0.5976364612579346,0.35049760341644287,-0.28394463658332825,0.8237823247909546
27,RIGHT_ELBOW,0.36905887722969055,0.3290511965751648,-0.14110343158245087,0.7456576228141785
27,LEFT_WRIST,0.6657692790031433,0.3537786602973938,-0.37536728382110596,0.7667568922042847
27,RIGHT_WRIST,0.328472763299942,0.3326566219329834,-0.13256597518920898,0.8247025609016418
27,LEFT_PINKY,0.6836149096488953,0.35248714685440063,-0.39611735939979553,0.7373093962669373
27,RIGHT_PINKY,0.31691962480545044,0.3369365334510803,-0.13239739835262299,0.8021945357322693
27,LEFT_INDEX,0.6845014691352844,0.3506227433681488,-0.4292789101600647,0.7409792542457581
27,RIGHT_INDEX,0.32114270329475403,0.3349117040634155,-0.16357795894145966,0.8114504814147949
27,LEFT_THUMB,0.6790256500244141,0.35225924849510193,-0.3918776214122772,0.7447739839553833
27,RIGHT_THUMB,0.32546836137771606,0.3357093036174774,-0.14602097868919373,0.8162935376167297
27,LEFT_HIP,0.5034867525100708,0.48342248797416687,0.0009851119248196483,0.9427658319473267
27,RIGHT_HIP,0.44807368516921997,0.5021114349365234,-0.0009397201356478035,0.9533564448356628
27,LEFT_KNEE,0.6030095219612122,0.5310085415840149,-0.02701748162508011,0.7633673548698425
27,RIGHT_KNEE,0.44609805941581726,0.6345364451408386,-0.04405858367681503,0.7466484904289246
27,LEFT_ANKLE,0.7062525153160095,0.5386977195739746,0.028509123250842094,0.6833184957504272
27,RIGHT_ANKLE,0.4533645808696747,0.7603053450584412,0.09391869604587555,0.6892020106315613
27,LEFT_HEEL,0.7131995558738708,0.5437027812004089,0.028909333050251007,0.6736854314804077
27,RIGHT_HEEL,0.46950772404670715,0.8072642087936401,0.1027812585234642,0.6917386651039124
27,LEFT_FOOT_INDEX,0.7466764450073242,0.537904679775238,-0.06698599457740784,0.6648781895637512
27,RIGHT_FOOT_INDEX,0.46258437633514404,0.8394966721534729,0.0028197227511554956,0.6596706509590149
